2.42,3.19,3.72,3.99,5.34,5.44,6,6.07,6.33,6.67,6.76,6.9,7.06,7.7,7.79,8.2,8.78,9.33,9.81,9.98,10.11,10.35,10.72,11.09,11.4,11.63,11.72,12.07,12.4,12.62,12.82,13.26,14.07,14.19,14.34,14.45,14.78,14.9,15.4,15.83,16.55,16.82,16.97,17.12,17.36,17.74,17.87,18.27,18.92,19,20.2,20.4,20.51,20.96,21.02,21.14,21.47,21.64,21.96,22.15,22.23,22.49,22.73,22.87,23.21,23.36,23.91,24.07,24.53,24.71,25.2,25.26,26.06,26.12,26.24,26.56,26.96,26.81,26.89,26.99,27.12,27.37,27.41,27.68,27.84,28.3,28.43,28.51,28.59,28.93,29.03,29.68,29.88,30.2,30.47,30.63,30.85,30.91,31.33,32.05,33.68,34.08,36.92
"E1-AK-0-A",673081579,8932295,121839343,69612442,8419654,4079862,3316781,3775345,23610199,10135490,659121,68803794,125847664,408890,3050434,1326596,1694992,16045138,16321193,2768447,6085906,7047024,3192250,3576321,5706181,49526809,2933117,17808198,595111,2591988,4761461,23235017,10140952,1985205,9678339,1335366,5151343,4660202,4336207,37941297,29655428,36998441,2219121,2282572,4335980,5888959,36521304,2582236,9467012,12217297,15335374,2864727,49015916,1332191,16412049,33817516,5315071,2091284,48387039,97002325,2722726,3045092,6648441,39407494,15291619,23686486,149491415,7467295,5170663,1292196,11755200,4237519,24990951,7999936,2706789,37462041,97949595,7374083,656127,4571887,10590590,16128211,19542808,8811699,3296514,118586894,19136267,4018524,6423581,2077691,7810427,21294035,1765923,3326864,3121644,1617970,4755386,860827,21127068,10825593,7389834,792813,3180994
"E1-AK-0-B",758320946,9608651,26038404,47672604,5814624,4909161,3657423,4598973,27458747,9578392,794947,22839747,204992485,479034,2932744,2288040,2062205,10793965,21316068,1795138,5611633,8309624,3796994,5017849,4637005,59735663,3945089,17869473,1027096,2961215,6660314,30345817,11977412,2295296,14112220,1461222,4461969,6021882,6835345,42377906,41270483,52393103,3086458,2990136,4649781,8309378,40194858,3266172,18424428,16874535,23116900,3152453,75277537,1617282,20606240,42108561,6695096,3130393,62542958,133482581,3940038,3961908,8600103,43930935,17937488,27841261,193968040,9948705,6223620,2261451,14608452,5961466,31930365,13484423,4548931,98317156,108493379,8963516,691154,3437389,14876034,14998248,22091690,11823583,4662147,134953132,24631286,3710081,9248824,1986859,9961021,14386625,3527209,3791064,6222628,2877696,4373538,774378,23476104,12367396,8000774,1096924,3517085
"E1-AK-0-C",706807260,11214701,261205376,33698752,4877890,4212171,3307828,3640026,22503959,8222634,677017,180784467,184862606,424665,2760674,2284667,1823828,7651327,20281014,2321235,4933931,7070544,3330628,4648985,4021844,45116068,3421176,15063585,1085613,2413392,5449648,22805703,10716156,2069907,10048580,1365645,4251458,5343651,5977123,33866015,36212310,44022034,3151708,2630535,4094597,7862907,33382075,2744197,9982829,12668940,19959214,2561492,47280127,1348734,18403932,34373587,5398442,2568794,55938445,115030421,3171504,3607335,6935769,37361456,14671554,20071323,177630757,8258887,4956139,1813180,12879416,5410234,24304307,10386239,3829212,97921032,91024268,8240997,625374,3434318,10354761,12793872,15073579,8967945,3860999,116488400,21425572,3227276,5981814,1880586,9219371,13146851,1727382,3379388,6929745,1847586,3852618,587457,20866125,10182342,6800202,915015,3182302
"E1-AK-0-D",833567533,11118823,81290270,56928189,5851683,5050314,4001366,4551497,26481549,10225103,764283,66781972,205393071,534721,3080715,1581337,2165480,14676649,20829105,2527772,6757522,8897777,3931640,4603313,5424915,61342122,3662271,19701855,1127634,3053966,6225389,31997967,12260158,2405899,13927183,1580970,5020106,5948603,5551103,44244276,38537758,50943592,2883564,3285920,4643292,7955759,43640211,3275892,19027248,17822455,21458039,3300718,83177263,1594413,21960666,42986512,6630965,3109226,61741174,136904446,3875837,4166214,8229267,49636478,19024279,31491235,203783924,9404719,6670774,2145289,15062828,6332022,31168511,12933059,4860394,82839837,111117682,10438662,852999,3686366,15604090,15264819,25286369,11202790,4847593,152629567,22565555,3622847,9461543,1900135,10687694,13668847,1328364,4239482,8640610,3227044,4242939,590975,26704103,13523210,9149114,1155122,3952459
"E1-AK-2-A",1118265453,14082309,83881506,83907244,4988882,6148859,6613668,8199002,7052740,10158815,585510,56847054,129578999,532587,1558654,2947645,2276235,18175394,22612242,1675542,14137559,13723204,4273621,3385234,10200644,102654937,3368173,33219348,189227,2925947,5774672,32784606,16785837,2313057,18575512,1646565,2817765,7291178,4991324,83496602,48355739,56669137,1660825,3271244,2185385,9510438,58776433,3906703,6507286,13722012,29073266,6789747,86328038,2650654,24321317,58943904,12913673,2964024,47901988,176015226,5675142,3718596,7304253,34049183,9695349,48206384,217918945,18263890,9012108,3293384,12991113,5985008,31283975,21631340,3116301,79276487,96886674,13555381,1296421,1166108,17671940,6020088,21262531,10381699,3954094,172141340,23525383,1542694,12582867,1035931,12188316,8481477,338231,4838805,3631096,4874321,2924849,95079,26795392,11003720,7901949,907843,3229746
"E1-AK-2-B",874116580,12955891,257595321,54414421,5290490,4527684,3943470,5379365,20763551,9985994,628742,203650172,223032673,418650,2819637,1758233,1858187,10232764,23349954,2223208,7119896,9041899,3365607,5307246,5921465,63712431,4150374,22103482,931250,2534203,7241937,32652530,11310208,1350976,13079632,1381195,5435017,7923113,7028341,47193930,44198951,54317562,2963780,3389404,5065103,8858621,48788417,3380443,19312900,20060431,25061209,3897175,87412311,1789772,22434618,43946609,7791610,3064537,62527240,132348103,4432326,3868855,5860279,54231037,20484564,32775442,212183494,11207339,6796599,2646348,15181987,6057539,31936746,16065550,5484487,118555031,95444398,12347086,1048772,3227737,16462843,14188338,26115562,11880296,4583635,161607572,21403025,3168107,10702030,1755171,12482130,11983282,1761125,4571696,9403054,3666546,3958586,489186,28204350,13618389,9282662,1297846,4121102
"E1-AK-2-C",1369793802,15100227,81936588,86652084,6185078,8143887,6328072,7718351,16617287,13524201,1175298,66229898,250986424,590901,3010059,2546816,2787029,15812390,35839459,3009567,12589955,14968246,5012455,7549176,9685702,102553628,5771000,34125453,598063,3611617,9798471,44661568,19359264,2346581,23962018,1904309,5395617,10700537,13147721,78702262,78536927,84851940,4277476,4440866,5023926,15175065,74216803,4784057,15157410,24327403,47000089,6338865,123529789,3205283,27777207,77336656,15087313,4975840,91872082,226258931,8583680,4381337,9560279,72588987,24768400,56470619,260958561,20840028,11489717,4580924,22758708,7005556,41057937,28067678,5898144,78175675,126829893,16816162,1588578,2794985,23579378,12880049,30267414,15835168,6217410,239194629,33453609,3334156,16097673,2006632,15710204,15604647,1084629,6396203,10379776,6367269,4786111,346484,38809933,17866119,12267494,1755146,4806078
"E1-AK-2-D",1057204985,12720270,97263869,94563376,5830047,5889379,7873522,6652537,17746959,12650691,829620,71831246,214319442,513735,2849898,2297127,2367717,14813594,21775286,3066412,10425436,11510550,4186813,3955263,9847013,81545632,3493832,34634787,463093,3320068,5712076,36811414,15571911,1841713,17831052,1582430,5320152,6637231,6477752,70473244,46372693,60904727,2563295,3580080,5352504,9890707,58111738,3997502,19481910,18365512,28508715,5671355,98866181,2273967,24180687,61124065,11482134,3849920,66717751,169660343,5495074,3697148,6862482,56193298,19841876,48811442,226065727,16219065,9845028,3271609,17615152,6321751,37930739,20743883,4693809,86034092,111897740,13580341,1256857,2610037,20570794,12215872,28998128,14497345,5142479,199126321,25832038,2989762,14371583,1644329,14001004,13387956,829288,5492894,6798629,4631791,4546787,322953,34214457,15662996,10330880,1437793,4165694
"E1-AK-2-E",912652569,11107691,143638842,64896956,4793445,4901701,4691604,5669788,11603746,10948245,707461,101301395,187105868,441595,2484383,1882266,2034967,8883904,20620472,3232460,9221739,9861068,3656592,3684104,7905388,65977785,3200764,26569662,449241,2682383,4965491,28987758,13765713,1479070,15048314,1417998,4598476,8264612,5682094,58114631,43820637,55570264,2418440,3031718,4293604,9295982,47247432,3351239,8815034,14649975,26882299,4671588,68622077,2048175,20433646,50716780,10246962,3356807,59862026,149351251,4852228,2873272,6019890,41162128,14107665,35123809,183300153,13530029,7628755,2980520,14557881,4894824,27384715,18987210,3896415,59395679,87387199,11679541,1096200,1842224,14500055,8757171,17805555,10535013,4049563,155324053,22674193,2127067,9914370,1421712,10903264,10035519,735373,4466614,7194048,3167892,3335299,246299,25732209,11874113,7743796,1140968,3331999
"E1-AK-3-A",1295834146,14250090,40893817,87071840,7001127,8100759,5998103,6498484,14577497,14299998,1089165,45128459,274253040,557893,3304523,2584939,2534498,13031242,31267334,3001809,12311190,13825167,4472614,6026224,9698226,89537600,5139820,33844829,782884,3208898,7869829,41144142,18229428,2209672,24497418,1634723,6283962,7844619,10240969,74011350,70082962,89126940,3940910,4197716,6068530,13413023,64828646,4506381,12246384,21181719,44171727,6352750,108332780,3049524,23357804,77753937,14176181,5430724,94031185,230049520,7320881,3808015,8388087,59069788,20205839,53132200,212489703,20212810,10502024,4950380,20651066,5928871,43414578,30194893,6517026,66871157,130416840,14010459,1393995,2923986,23200512,13797363,28716389,16856689,6192485,215726784,35276951,3238381,16207212,2020803,13166913,16307421,1319858,5154857,13917103,6125641,4452079,424740,32781042,17638172,10209688,2019267,4234977
"E1-AK-3-B",1031825434,11323827,56887338,54488462,5459261,6500960,4502882,5040298,13404560,11479968,941619,43283160,218996283,470100,2934973,1863290,2012618,6675780,26194057,3219202,7262701,10201355,3528879,5181972,6051252,70848582,4085490,23469085,738953,2665574,6271521,35384795,13396802,1526536,16580088,1297899,5313561,6367221,9692031,60975453,59838994,73701164,3638369,3633175,5454323,11660474,55384692,3786815,8210914,20867066,35868754,4590521,68239050,2195158,18716349,56262100,10815231,4552399,79721292,177923434,6111007,3019219,6401348,56366581,20427202,42395373,167561740,15039380,8519046,3936554,16062868,4844493,33331661,23208176,5882908,65223192,105769274,11249825,1078996,2826459,17217340,13327479,23979407,12414718,5050656,182999673,25223961,2858440,11128131,2004848,11053945,14894632,1449993,4085397,10200117,2950687,3746240,460984,25026888,13567621,7604984,1443696,3241596
"E1-AK-3-C",963907359,11974384,79097587,51630117,5482942,5489100,4877435,5724185,21479141,10637009,979911,69622301,242234726,500367,3254989,2083508,2038472,8610448,30358495,2268282,7882845,10529598,3644926,7350667,5994989,76044448,5351871,24407592,1191138,2715695,9193497,39013184,13121622,1735300,15838527,1307616,5826430,6334951,12615073,59141702,64579646,61470071,4048639,4025457,5942561,11648274,56504495,4050740,11672719,23749105,36711511,4505989,78143425,2309660,21677658,49620818,10335686,4100489,75186104,155465649,6378380,3736948,5645461,58922741,23509193,37430377,207282816,15493714,8175467,3945313,16084999,6007170,35581329,22992012,6160060,130086144,108420300,11773423,1030627,3557706,19403265,15796703,26716690,13640950,5882260,168611203,24346682,3488802,12326416,2022747,12837879,15885674,1815934,4355613,10175519,4080961,3927939,655721,28244520,13947263,8637495,1504615,3636749
"E1-AK-3-D",1270294076,15513165,20989625,111993182,7898641,8296341,7812804,8305359,13050109,17763749,1035277,19905038,256353216,665382,3543825,3833730,2917862,16257721,34250655,2867142,14928594,16356393,5110099,6386335,12861918,120188751,5876471,42176250,480089,3862546,9364180,49945300,21424580,2769831,27315462,1925168,6992566,8130079,8267781,93822913,65753846,90624804,3387399,4700188,6366641,13833208,72254616,5154331,10502693,20664287,42329600,8189836,112977713,3266167,26355526,86279637,15976853,5343740,92057804,253972866,7252415,4402424,8710293,58290159,19387964,62435069,241642880,20774608,11992433,4651047,20916533,6814054,45019063,28793305,5437624,109689873,139318627,15562803,1503454,2359928,24263384,12421970,28803950,16990091,6000300,246027454,36431078,2896656,16455173,1788508,15547036,15869196,717928,5343558,9385236,6396992,4580775,337091,33443941,18693110,10106982,1728362,3905962
"E1-AK-3-E",758957068,12058246,244647722,54429622,4155646,4740369,4029006,4397066,8389784,10415937,556015,184906353,169476244,410896,2224522,1652644,1627468,6647130,18446697,3335118,8637973,8680843,2881089,3221970,7959949,49687012,2869309,26013114,380037,2126702,4268705,21738000,10987382,1408267,12388730,1066117,4435208,4658151,4069581,46651506,35775643,47837792,2007473,2366071,5388080,7796716,39014095,2670909,5026354,10987061,22692519,3864871,50172324,1968156,13702210,41093076,8904184,2904290,48838562,125316175,3744250,2458115,4017551,25460840,8727771,25575182,122126554,11361397,5603729,2666903,9766833,3447059,20892155,16223899,2958566,56868672,66246321,8150967,751893,1322686,11334804,6359142,11937363,8059832,3187314,113791319,18663200,1622158,7455837,1067579,8235330,7861282,503202,2891225,6567303,2341829,2388903,191709,18312057,8593416,5618322,914956,2474527
"E1-AK-4-A",1669642612,20183941,12791296,137150492,8415689,14275354,11772207,9917365,12219752,20826941,1300289,17530614,280952198,862825,3252858,5248935,3672266,26269388,34699196,2811112,21956043,21136940,6545281,4406989,19339232,137049364,4725068,60645435,315428,4894817,6882797,47033597,30878215,4595971,42409806,2319186,6778143,13900321,7373661,143883948,73164411,118552407,2863198,5231563,5631597,16301666,78478123,6044182,13878816,17436847,52077222,12826627,156093256,4494797,32119013,130227950,23130615,6362133,105942180,398650008,9192019,4871747,12380426,50332820,14472209,88253317,291980586,30911385,15619794,6434026,25235762,8500323,55324840,39821279,5628230,80332258,170964141,19842740,2286682,1958767,28567661,10070217,28107090,22147887,7247506,310815169,58241851,2918311,23691577,1911749,19352903,17897312,578669,7355103,10456008,8929178,5543038,235204,49085996,19868076,14507957,2203675,6142655
"E1-AK-4-B",1082529495,15286482,16302475,92470477,7217758,9889731,7686531,6181832,17885690,15859122,1335884,24412943,315766953,621052,3872921,3003779,2670378,12314508,34290538,3014215,11243271,14775476,4429689,7202100,10356152,101528600,6108049,36704875,832264,3164314,9605311,49648234,19862750,3275589,26461603,1492133,6948347,10618090,11905607,81343790,71101797,82978201,4281886,4507789,7545683,13892774,68969159,5116848,10988581,23798299,45017232,7360683,89992877,2794120,20817345,74016928,13323035,5862052,101257927,245307010,6961889,3685487,8747133,55531955,21357342,54488613,180843286,18795684,11205937,5014741,18034043,5239389,54897374,29830361,6711557,61936448,169335529,10070854,1081570,3785922,28469081,17697310,33875514,20302840,7368005,219646273,37204771,3746870,17607601,2270783,12133591,20296958,1377816,4901584,11146305,6520147,4872282,662021,32728765,17788383,10009401,2145264,3964883
"E1-AK-4-C",765880951,15799489,141970031,55507970,4436123,6983480,4630584,4768986,18128178,10253354,910852,124539192,296246757,630999,3487953,1995124,1878658,7409365,30858525,3052599,8406825,10795050,3159113,7014502,5835499,71453914,5060361,25008252,1320900,2248856,8807442,38891477,14244335,2107327,21134186,1059686,5314826,8625928,8313833,53108051,48496504,63700401,3717136,3900520,5906046,10243122,41753333,3910883,7339082,17728934,29923785,4050474,57484568,2027399,15759399,60096836,7705975,3935388,72700755,206302036,4508289,2698383,6057197,38528749,16087359,37809592,145966161,12057513,7121327,3844453,12596615,4386652,40115862,22200765,5800091,76520072,125755195,7913218,837079,3308407,19692962,15044575,23867187,15974360,5757316,158736057,30371245,3232274,11986780,1830168,9209982,15767617,1699356,3478877,13001137,4241548,3871861,733040,23669043,13445274,7793453,1857422,2905375
"E1-AK-4-D",495878396,12465044,191223894,16503570,1571882,4443114,2259545,2538466,12001132,5151876,660867,160931848,184088759,451364,2119973,1260638,1207170,3121385,18162425,3783001,3269502,5814090,2092537,3629665,2176185,29974560,2549280,10292856,1427167,2206751,3680466,17842475,7707591,1096490,14877831,797440,3382225,6519772,3487290,24963698,25772245,38537027,2830846,2461814,2520229,6243028,18175319,2307163,2994954,8096084,16549807,1810311,21312677,1054795,10519236,37634969,3741751,2270339,42220672,140272697,2181515,2093058,4061752,21217750,8859349,17485848,94439521,6603924,3716717,2378737,8310121,3006266,18993397,12999214,3897214,58296368,74482219,4761025,455749,1815029,7621371,7910456,9296708,9006531,3039755,91487346,22771370,1877802,4862094,1294158,5996281,8174882,1824155,2079787,13265383,1058555,2049150,418132,14128476,8068485,4718002,1217653,1883735
"E1-AK-4-E",738627642,13146749,44998003,47387999,4717908,6952640,4567797,4595328,17786280,9130505,902070,53770860,244059785,546542,3278018,1986070,1777237,7257205,29384532,3292223,6929430,10045583,2945977,7453239,5079096,70499281,4914249,21780686,1305405,2224403,9251526,38940168,11647906,1829873,19467560,1151468,5316628,7941197,9108902,49463582,46680960,54688391,3494760,3765599,5152396,9756711,41600213,3906573,6581256,18505901,27461847,4075316,49644165,1736281,15398600,52453407,7151548,3408621,65655423,175857017,4269919,2770675,5836691,42335602,18747504,37650898,149079123,11457018,6909253,3566153,12371455,4499549,39030816,20162054,6157083,89797950,117673221,7925050,827453,3587379,19677155,15552984,26773575,15562545,5370454,155559372,25867421,2926105,12204507,1824420,9325953,14895213,1722377,3271121,10671275,3480524,3881886,672408,22504689,13300930,7703949,1673044,2963287
"E1-KL-0-A",886897982,14477480,146305871,44518132,4683910,5548728,3433548,3020312,12860653,7560622,878260,134018613,184818704,463664,2442376,2080778,2387119,9930134,30529105,3380396,7148666,9838160,4433594,6353458,4367951,68266019,4318821,18715493,1063990,3473720,7029778,33342454,11620710,2648573,17134658,1658269,3892910,8709347,6361111,46112194,44191882,72256171,3220382,3686626,3289162,9810901,31749790,3900760,5936058,12022685,29749223,2688574,49324489,1624936,16998434,40751641,6760125,3798859,61089788,136003681,4152557,5194981,15185301,24946966,9807120,29267079,191151215,10970415,6212895,3221159,9250250,5974774,25140006,17884618,4905755,82050598,73043856,4954011,526461,2361097,13369612,10416747,13436714,11648585,4218469,122061015,22185329,2665368,9004704,1622229,9832937,13301531,1535612,3828302,10219701,2788655,3274316,489961,23096594,12916627,8939487,1232089,3544122
"E1-KL-0-B",1029038417,13807633,248409520,54996225,3729607,6256156,6378081,3364470,8743348,7545004,632367,188331122,138036105,436994,2035307,2566583,2771877,11833505,38363421,3471122,13791485,12510056,5089834,4414180,7887490,81805187,3470745,31688156,331298,4145221,5402226,27494370,16638399,5511839,16299629,1963992,2834147,8103348,5218713,71545897,53765903,71286268,2242300,2885209,2101402,11472978,40498267,3438058,6180661,11906111,33482830,4140981,69471515,2350396,16350106,40658909,10399045,3417224,48446190,129815934,5489968,5281041,14712335,18005201,5790276,31784658,195619995,16332029,6576648,3675401,9117174,6214232,23138889,23069394,4043493,77939286,68647285,5678158,696884,1462863,13491189,6678149,13054067,9150809,3651660,106068711,20680195,1900044,9027848,1112292,10306581,8692571,760493,4279999,6029503,3425447,2544758,201605,24407303,10454009,9805265,953361,4215797
"E1-KL-0-D",1360392514,22330993,2820514,119522648,5183705,12378698,10367289,5581609,7825923,12006065,1245409,5300295,136984300,926334,1748005,4313163,4946189,42234863,38890596,1627277,25863147,21749903,10004762,4739179,14904616,162803210,4923841,53127505,81607,7013545,7387421,50418208,29972695,8413402,32071608,3402612,2665005,11440891,8865524,154081646,83589650,98074429,2623976,4848771,1636826,17674045,82825542,6262329,11924092,20730562,53832437,8579358,146300840,4325143,31253864,74425159,21083720,5709751,68943573,242143700,10185847,9417864,31822983,30151213,7957830,77699377,360191297,31081913,15651535,5483590,15780842,10915952,43532184,36310258,4203732,102084895,135005733,11651318,1428368,1190397,28631204,6703158,26962194,15668889,6685489,210164453,36354836,2701125,19754104,1141143,20159467,10801349,193683,8468054,3086254,8864020,4170706,106084,46395602,16825206,17186228,1159860,7458210
"E1-KL-2-A",1006581462,12604756,147719791,54847685,4485377,7835699,4851319,3550602,8926147,8378226,986591,110438155,168286625,485492,2381836,2899729,2324889,7915505,30886351,3010610,9926025,11457787,4208174,4720997,6329059,73900453,3872282,24733591,681497,3084535,5362679,29038983,13426785,1820280,16806957,1627416,3707864,7455252,6846096,61550417,54674733,87872655,3154290,3746006,2587938,11830663,35664672,3823838,6089349,11533559,34405041,4320405,60758652,2234952,17371050,56039351,9929128,3920085,64354400,165838313,5873694,4752645,11237474,26016566,8303146,35389838,173717809,15296886,7732483,3794041,11558576,4863473,21064809,22250868,4557254,65039701,62691121,7374268,954271,1362670,11644267,6409766,10170902,10427889,3758286,137808942,25153886,2044354,9460668,1570854,12022921,10894849,1270133,4375819,11539874,2832262,3176681,227276,27281847,12023522,9901759,1239865,4016755
"E1-KL-2-B",1129012442,13867281,99212574,70118061,4850394,6634271,5811089,4955041,11895200,10442066,1147540,83316898,210108381,477954,3035661,2637456,2438680,10807587,36183484,3385586,9986346,13411014,4540162,6988742,7058051,97994526,5356405,27541872,858033,3111307,8330861,45143715,13813389,1776402,18689078,1690464,4492256,9274009,9027067,74185851,62107165,92818584,3585346,4520134,4208126,12931472,49946250,5150121,8734506,17244230,39396946,5164776,71620526,2412033,19245395,53929777,11457998,4943220,77079260,165697710,6698075,4451799,11610640,39293926,14154287,44865907,192119768,16931241,9553320,4275618,13063231,5559456,30262614,25603193,5695905,62022151,82398483,8702174,1109005,2619886,17781222,11931256,19172624,14691346,5213476,164836651,26435650,3060464,12872457,1921797,13552064,16031031,1498605,4988472,11397288,4213409,4209028,452394,31307182,16244821,10864869,1658805,4196421
"E1-KL-2-C",837924853,11961342,151125510,40892114,3783820,5142248,3039168,3353597,10907716,7008152,682275,150266096,180895707,357004,2315523,1939475,1596570,6439564,28270702,3352153,6305942,9143908,2834193,5730458,3875899,58324987,3995302,17882670,1111516,2140926,6084511,29256212,9237763,1074306,13431070,1067787,3644563,6221087,6463241,41874914,43902099,67841785,3132187,3690650,3276403,9488909,30035343,3670668,5744616,12136511,27526789,2818656,45029662,1767497,14381302,41599173,6721080,3485889,56771282,125858630,4472981,3473797,8137680,26297148,9742150,26591184,148705181,11340479,5551132,3368086,9375775,4260971,22721124,18770619,4956729,69181604,60518712,6462219,751608,2200323,12716103,10033471,11667651,11116492,4117945,109461724,20124650,2663598,8829695,1628515,10079147,11354162,1664228,3530333,12502057,2777373,3225996,506347,22812641,11792435,8283848,1370862,3467036
"E1-KL-2-D",872530710,13538591,307038935,42089914,3740181,5636232,4111473,3439092,8889860,6631016,654454,249566909,163672499,453543,1900750,2940062,2142228,7466493,27989377,3264651,8651109,9895488,4087518,3961177,5570964,71277359,3039053,21046263,387679,3308848,4603642,27568918,12083136,1599616,13533920,1555426,2873666,6603090,5126116,61370476,44246259,77520541,2474223,3039159,2080879,10122325,29706927,3483265,5248271,9234867,28934561,3986058,52958269,1624764,16894651,48291276,8357393,3282273,53998025,144118050,4712516,4382937,9617144,24192496,7546534,32829235,167592914,14149142,7233486,3228004,9372606,4564484,17883596,19151369,3725961,63925647,53122181,7794986,841997,1126810,10025140,5046051,9550806,9494236,2845218,119935194,20116783,1436888,8919858,1184378,10694392,9265599,877653,3854018,8514784,2608014,2629535,141619,25240345,10673999,9573357,1125573,4145204
"E1-KL-3-A",828943122,11476245,194017821,41566415,4107078,5645193,3899897,3381367,8448108,6947946,725573,147401182,154416577,419374,2052355,2175089,1843472,5390666,29510184,3050265,7519555,9497037,3070571,5256565,4994340,68605858,3691896,19171488,597625,2434551,5959659,30025825,11077400,1406532,12612785,1136180,3165969,6067194,6057347,53939970,44296234,72534251,2767516,3323862,2507003,9712008,33140463,3612511,4620205,10370416,27685689,3659630,43362507,1754379,14131386,45960924,7671541,3319195,55448510,141000379,4653986,3022172,7676433,22916386,7867254,29093204,133670722,11982096,6353898,3131747,8965164,3773032,17867123,18008449,3954847,69013472,54682612,6300146,739646,1370860,10016791,6221524,8817076,9117928,3370551,114153907,21130870,1826677,7705588,1387898,9861958,9156565,1142086,3297990,9808952,2100298,2722026,261601,22730430,9830342,8326459,1112043,3408076
"E1-KL-3-B",1155059339,14043432,62677432,68486198,6016724,7947180,5606336,4862575,11789468,10126400,945041,67845040,227511830,542788,2960293,2730729,2337682,11368089,45860959,3363950,10309363,13071376,4129426,8793442,7073220,99164573,6194662,29229399,932266,3433862,9802835,47951784,15071548,1951546,20003773,1436850,4626521,7735045,11159292,75584515,67524188,100771251,4286928,4941889,4993370,13829322,47786795,5404116,9498131,18548396,40839341,5298422,77182179,2506477,17314890,63572045,11343546,5086206,83457042,190545759,7260544,3600392,10122193,39178579,14563395,43643320,159847903,17281043,9206255,4688266,13630039,4388184,33450014,26920015,6054339,51577407,87876984,8186013,1103349,2536172,19170370,12364593,18220489,16808542,5865321,172352481,31926625,3274569,14443757,2059355,13333527,14978250,1526409,4831162,14277426,5620907,511221,511221,33458645,16869915,12070714,2074357,4767198
"E1-KL-3-C",872577057,14307349,358595599,43288534,3551171,5252392,3957886,2809876,9437584,5989110,687106,300922537,164642445,269968,2131383,1978468,1535258,6231334,22882789,4469035,7349575,8869550,2675512,3850592,4207015,47953005,3055945,18776117,953218,2702741,4124827,22813984,9254649,1142564,13760199,1114633,3299897,6912769,4284051,38406890,38900807,64617322,2548069,3114625,2317149,8142141,24905916,3052319,4635976,8992946,23503788,2820320,39652743,1750805,11753066,44930875,6084620,3030169,48451728,137585148,3816309,2833660,7328865,18259395,6267646,24138472,111486087,10751219,4923689,3065013,8378833,3358639,18941617,16791350,4336434,50905715,54629590,5305014,645116,1499921,10055039,6875302,8414869,9771750,3326928,102149698,21293131,1951961,7185455,1367743,8902115,9624759,1629557,3017963,12451338,2290296,2445365,321820,21229676,10213438,7854658,1251498,3137258
"E1-KL-3-D",847504605,11471157,124122833,47477145,4355531,6025951,4333002,3511482,8969205,7043317,805258,109949731,170209304,323943,2301648,2189338,1658901,6009901,29975209,3298344,6989263,9587000,3092212,5716013,4750358,68214946,4042157,20999081,929936,2810672,6054173,31998447,10792903,1272358,14441751,1057480,3510377,6561526,5977256,48576123,43031982,71476100,3116977,3685786,3002163,9091882,29243738,3922264,5496054,10814846,27892644,3496064,45784127,1742051,12695074,49612176,7007638,3490283,58892076,152007376,4483585,2770263,7853352,24884527,9067228,30323045,121610794,11703050,6219185,3336213,9563253,3525508,23455483,18557399,4739035,58001301,62771527,6241904,695728,1913753,12347262,8335214,10987236,12148932,3955070,123437232,22819887,2382189,8962353,1615791,9772382,11013627,1467746,3338854,13008384,3134605,397235,397235,22772143,12067949,8151128,1426740,3332474
"E1-KL-3-E",1160632625,13889273,39240583,75410241,5709731,8939741,5278417,4034372,13607068,10027681,1148666,52396729,238725598,581636,3145032,2479168,2376058,13814875,37572239,2818786,10694658,12764712,4285448,7381856,6818289,86971365,5236688,28947738,1122562,2793700,8093139,43996507,14040057,2101480,19721414,1469901,4879571,8133019,11764705,73289009,68730024,94400150,4092079,4600526,4731028,12836436,49879046,5052832,10067539,19119843,41378385,4852099,82650338,2632446,15645145,58183414,10728847,5359458,82524043,172228379,7142227,3268214,9966623,43584555,16150136,45013201,149417038,18363798,9269997,5152644,13292040,4038495,35830452,27921552,6605013,30474990,90952013,7830286,1111556,3189813,20842313,14791627,21254036,16714187,5822978,163788043,28297711,3700169,14317485,2058102,12805203,17880452,1738874,4964925,14170943,5683570,696198,696198,32650997,17572402,12186494,2043958,4773557
"E1-KL-4-A",565786735,9786731,184008294,21831438,2253896,4439736,2196849,2137793,9490831,4816208,474253,157168169,140473634,295197,1802867,1344592,1035254,3763688,23046746,3123604,3837327,5958186,1773414,4611885,2454483,39290771,2827984,11658725,1108950,1388692,4624900,20689287,5737034,784718,8062439,665964,2643015,4725190,4880210,29666862,30365020,46623474,2571263,2843129,2446598,6566088,19408465,2709607,3347772,7914865,18664666,2011158,26824703,1224386,10124499,28984542,4100194,2555719,39209245,90145418,2729735,2447871,4158987,16312321,6427517,16852896,100225621,8033120,3503603,2506072,5901872,3097234,16095649,13101917,3777862,89049278,45465767,4426954,466519,1802829,8321731,7840070,7792890,7922890,3130483,71222498,14640737,2126675,5396420,1247025,7522344,8732370,1580032,2147477,11365311,2317349,471841,471841,16169201,8005158,5957387,1143363,2358513
"E1-KL-4-B",708652307,10285172,125662331,37906990,2972716,4668511,2844447,2692767,8796919,5721005,581611,107103837,150952856,320099,1906919,1487442,1252599,4785545,24873301,2490604,5711439,7256440,2086394,4928376,3665864,49827472,3407666,16776329,695815,1419586,5351326,24839736,7401112,1066108,9179374,718305,2826146,6097243,6866762,37400604,40054065,52632708,2506312,2697824,2969968,7852900,27117766,2929556,4779989,9992494,23667873,2628702,41175592,1424076,10083567,31006746,5838247,2853287,46394719,97679968,3775314,2320458,4892683,19278864,7376458,21748622,99563321,9889446,4390854,2870822,6587455,2926562,17845797,15593423,3609932,70915907,48127330,4638770,601314,1660384,10807569,7216600,9157989,9211746,3280938,78929329,16095787,1921817,7714258,1181973,7311237,9526464,1060609,2326178,9143608,2883450,362178,362178,16613643,8344201,6564979,1166237,2594140
"E1-KL-4-C",945604170,11680915,20026719,109689229,14719790,8375719,5899685,3968819,67107990,16519535,1869581,19000160,176936181,591616,8393101,3245537,2231829,21298164,35159912,849444,8529150,9007093,3884153,5957271,6145469,79120406,4042660,27188221,3915789,2328542,6550951,32428278,10993710,2161358,13860311,1264451,10838108,8440107,8680421,60949402,41840962,65562974,3517355,4392685,9268276,8230641,33293224,5156216,10064576,10477817,22888597,4430871,43139554,2282843,17793261,56085155,6758922,2155392,68083543,143715250,3657844,4976014,9278281,37159014,16160960,31129264,162925526,11475791,8633408,2069957,14809149,4274382,37065704,12324155,3100065,74131190,91645281,8272087,953676,7281198,13574268,35460241,12507674,20943263,5412721,177384300,28713873,12179207,8880154,4656607,14791891,73135525,33342628,4926696,4853582,492111,4890610,4890610,36118499,17920950,13671356,1821491,5194172
"E1-KL-4-D",1109648167,12379327,12086565,105358730,13549135,10172400,6005194,4092733,45264884,15292148,1832282,13515282,197832241,569848,6211009,2867948,2507134,20245239,42385929,1331969,9466111,10748716,4287253,8159036,7063469,83152433,5295656,29211024,2567511,2998753,8226806,34392857,15221008,2743588,16321408,1448029,8023627,10617348,13816865,65041783,60723904,84486268,4367087,4147443,6796246,11586507,42576595,5038058,11969630,14060192,33730258,5051340,64044291,2560136,22184850,67824642,8246583,3364032,86126866,190268029,5277135,5605939,10593855,47462334,19177724,39390118,196776493,15280279,9992067,2864431,19128344,5401981,39180243,16674606,4043051,100620767,108931220,10942240,1226193,6695067,17010898,28694402,15593436,20723825,6299210,181091621,36683121,9920626,11945829,4142704,17222823,51750222,17151200,5585252,6017702,577285,3197240,3197240,42596053,18793933,16626433,2003382,1622758
"E1-KL-4-E",857696180,11079940,125583295,57715265,6705931,6342943,3298165,2587636,38413279,9986358,1148682,98570055,176850159,394626,3358038,3527759,1523948,9165641,30750451,1675326,5845686,7393009,2609423,5621533,4770125,52335371,3695002,20009311,1911609,1906920,5314560,23631410,10417872,1259769,10392736,1012438,4676105,8414438,8764767,41894102,42907499,64247456,3551736,3492376,4677840,9107527,27637465,3696780,7286573,9440435,25142708,2905344,41442552,1857237,15841668,45251635,6079014,2672944,64192337,147782317,3755795,4937309,6702523,27717680,11422026,24481683,140900513,11190307,6194882,2191775,12435977,3954291,25506274,12522306,3532658,82395204,72512161,7296487,793114,5047306,10298566,17584325,8281963,13597245,4596092,129317253,28494868,5995117,7257941,3127615,11359693,30820295,10734134,3758190,7786216,385550,1600905,1600905,30449985,12742337,13457984,1626763,5448899
"E1-OS-0-A",1033027334,14784605,52649551,118277811,16760333,7427633,3795263,141251,44206232,16655472,1711466,36713743,146059846,370818,5680960,1982127,2123276,38991609,10210471,3822969,10200494,7720580,4453601,1484024,8440309,29946907,1654693,31099242,1550827,27064,2004965,14535286,11509588,2641259,16389739,1614508,9118573,6450127,2318480,35441867,19415613,51963787,1467627,1684357,8381810,4286536,25233397,2043327,17978665,7753350,13357595,2581944,60695025,1736834,24438302,33000947,6131622,2576906,56348179,90918808,2718704,8990196,12271307,27331216,10964576,19101588,229278882,10433743,5760158,1501071,11371579,6518029,40024395,9077691,2828633,124542458,104618711,11435567,923510,7570682,15826748,29854896,17600555,20372493,4465961,136233627,28591945,9887725,11624432,3403300,15092353,46099648,5889676,5132099,3444173,246938,2710793,2710793,43227707,19890127,13838606,1460825,6053875
"E1-OS-0-B",572466986,12083072,380933776,30813968,3442649,4710983,2910386,2102135,24801367,6981714,547640,262123691,147228235,264297,2190519,1531579,1392966,6434197,11672102,2119470,4499732,5246314,2619390,2290332,3835158,21105358,1918541,15725958,1039753,2174459,2498979,10551463,7762765,1623253,7194360,963924,3831657,4632826,2967302,23787244,21988255,41856328,2044160,1426417,4282039,5314702,16624760,1601127,7171334,6004525,13694924,1367103,31449645,1109549,14621280,17657477,4219478,1945833,35594607,61074326,2053275,5052544,5920988,15316654,5841134,8700093,131722557,7150898,2999875,1413683,6940490,3980611,15811290,7868556,2651366,87887973,49879694,6475666,486381,2257062,6638630,7855314,5838676,7426884,2549497,67414554,15666629,2550647,4132345,1329166,7332940,9073513,2611990,2337750,5236111,189860,490203,490203,17970855,7959539,6751116,764525,2750827
"E1-OS-0-C",571938864,10627215,208339754,20639124,3683852,4421180,2278308,2288582,22422284,7137181,782176,174644165,147982034,385123,2377311,1504504,1595312,6038660,16762643,2058567,3036279,5403974,3124329,4096390,2769050,25268107,3027730,12608201,1757098,1991509,4319507,14977282,7702190,1476817,8086962,1033875,3993472,5326900,5113846,23483660,26748176,53694366,3143297,1931035,4067100,7221211,19336000,2037691,7730280,8120105,15854336,1272999,31239971,1079263,13689114,18981138,4009743,2258568,46916375,69582722,2553028,5100391,7861298,18005687,7984105,8693844,133523266,7278194,3349243,1592495,8117486,4038720,18450731,8630245,3513407,64710578,60337074,7321270,574738,3031253,6685801,10413872,5882140,8728389,3203324,83765683,20294149,3398196,4328322,1811041,7865778,12169860,2086339,2704017,7288530,1793847,704804,704804,23671379,10937985,8813201,983594,3376071
"E1-OS-0-D",703328577,10543578,90724132,37752442,3431140,6883960,2975808,2338973,13803101,8716222,921224,79477014,184447854,363174,2547668,2574939,1924400,7135110,17045068,2366577,5326390,6789329,3638317,3456298,4921389,24428100,2735089,20622365,1322720,2715872,3356302,11812349,11488029,2283749,13956458,1369420,4448339,6338048,6288404,30447680,37995197,68799344,3271193,1754375,5739607,8352990,21695990,1963770,7760651,6904899,25439507,1646116,46665132,1530129,19110737,28699269,5785384,3724906,59543794,105871652,3191701,6820939,9179153,17880761,6878945,13408367,175308645,10720524,4152841,2583224,11213773,5433004,23553950,14050392,4327534,109655739,73187400,9010062,635843,2255394,9543253,9094787,8362128,11322587,3698744,100545627,26525235,2915209,6744016,1498202,9538617,9479906,1951548,3144970,11771902,314622,550198,550198,21529571,11759008,7474645,1300318,3298964
"E1-OS-2-A",841086803,9964170,67963406,59734623,5096207,5853498,3234273,3095848,24120022,9958245,755925,61359371,157646257,301379,2646062,2521383,1385949,12302730,13116018,1660297,6464904,7277161,2418825,2736892,5319360,33521660,2734540,23097021,1320597,1781301,3748745,17529803,9017055,1030766,10023186,872941,4820740,6516633,4231856,30940424,29165108,57395703,2222484,2150948,6141988,6428935,28410940,2341511,16524823,10810221,19817817,2070395,79754965,1743013,14386133,24790020,6360633,3024290,49292075,78238262,3339967,4470532,5307640,25650656,9604639,15687779,131137282,10075762,4639466,2305042,9493342,3808593,27816204,13540374,4387662,79319998,70270014,8301435,719991,3321881,13590874,13366592,14701069,13014906,4492423,105781594,21374391,4528174,8964669,1921744,9940058,13609595,3159341,3265599,8073084,311043,1026300,1026300,26805353,14083052,8330121,1404759,3814203
"E1-OS-2-B",766773253,9457125,73389529,43506876,2800580,5145611,2445176,2296420,16038821,6822387,603546,84030077,159917106,248418,2134674,2586968,1183983,8822733,9320798,2644673,5778471,5849714,2144288,1333250,4237363,21500456,1518898,20879315,1277447,1536409,1610328,12287952,8373028,954348,11494874,831280,3934106,5208254,2444856,27338295,25297664,61091725,1984475,1989151,4044869,5324951,18051831,1890273,13989374,7682339,17992619,1543818,69968794,1278606,13088065,26733155,4767555,3356231,42446411,89806107,2654587,3835395,5387208,21861330,7294956,15758505,116652793,9063335,4037967,2439546,9292282,3398982,22441512,13557546,4516020,67717648,60928936,7007536,611847,2286799,10797321,9090642,11703243,11582825,3591092,104786104,19560655,2732554,7670547,1334832,8683412,9380206,1584232,2839352,13551542,287648,497659,497659,21986032,13062043,6261333,1481578,2844634
"E1-OS-2-C",507830280,9202189,180533852,14962888,2016301,3595333,1749154,2088689,12741930,5707714,658874,153505923,142378675,276608,1829654,2737758,1016818,4014625,16498955,2317459,2335310,4786823,1859151,3945744,2268238,21908950,2740740,10264278,1620447,1328579,3769409,12617337,6034824,486300,8268619,660871,3126522,5907549,4596447,21059053,23758976,50123894,3002441,1847927,3164017,6613622,14786058,1815093,7108245,5743983,15434415,1087707,30221762,945644,10455028,20830413,3606804,2392250,39691957,73890378,2141629,3128754,3764695,15136907,6307101,8726855,82673054,6421868,2709634,1804700,8003959,2367995,16116315,9728773,3572891,37293057,51679213,5371976,458962,2139005,6236516,8169159,5296112,8660714,2699085,74976270,18929627,2525716,4444853,1400170,6234902,8478769,2079181,2185073,10514674,254018,543290,543290,17526775,9580856,5283174,1072799,2284727
"E1-OS-2-D",997181660,11441788,29721748,70765521,5386134,8520449,3900140,4040359,12068078,12763798,1133182,35621733,242351265,461270,3131792,2311044,2244077,8781254,22224035,1981766,8844349,9838331,3887041,4816614,7902829,43658142,4419521,31684259,1033463,2604002,5554593,20194622,15838166,1691624,18820674,1286713,5996650,7456473,10114782,47204248,54731119,97166986,3841942,2375064,7485210,11041861,38800994,2735565,8515705,11779772,37452749,3084208,71879395,2452173,17209740,41039323,10092402,5515360,84993385,146624401,5167939,4541937,8332263,30561915,10903842,23709152,173821018,15585597,6583393,4097513,14855558,4790259,32817956,22748602,5681597,94787679,96197892,11079551,1060425,2564659,16693640,11656520,14306691,16442669,5161073,148398953,33359561,3544974,11730358,1944528,12736972,14511224,1721841,4356068,14779912,421447,617553,617553,31128500,16449588,8587020,1847842,3858980
"E1-OS-2-E",503224435,9718115,153358098,26131884,2217234,3737772,1852418,2302423,12301929,6538059,624037,132839281,167843478,348175,2118656,2138273,1247859,5424347,13527972,2549057,3877942,5685452,2054504,2926085,3169763,22290129,2549953,14736343,1454740,1559765,3243973,13449053,7463070,603271,10820619,700954,3785622,6592288,3961774,23240514,25340907,50195742,2647914,1790699,4127421,6318397,17033281,1785027,6788056,6693301,17619962,1343999,36347126,1219875,11663767,22129855,4391690,2943284,44989060,76857494,2457671,3531477,4535252,15782446,6440520,10623723,107145617,7146499,3142179,2126484,8017521,2982089,19955758,11643766,3773377,67151742,60729745,6103299,480529,2091175,7999318,8478790,7849259,9480371,3262270,77665629,19767421,2581179,5209053,1368063,6920758,8828123,1761307,2372804,11665308,219254,560545,560545,17768160,10187453,4948802,1167888,1937976
"E1-OS-3-A",1312156847,13659685,16925143,83451295,7230151,11397190,5612195,5427710,16731984,16188244,1455677,27584756,256363787,535231,3613161,3001397,2630234,14088114,31983574,2060001,11051141,12862618,4479757,7483550,9907410,68185440,6341194,39500449,854720,3176396,9601238,33361603,19111130,2740286,20380011,1414527,6982094,9232510,14715794,63881757,72807678,115563938,4299698,3177214,8992907,12267483,58452883,3679288,16605911,20656349,48289807,4432482,111975806,3164252,18890754,45587235,15203285,6340350,96097962,161928664,8313523,4553821,8485886,44135988,16366870,31431927,167738314,21414147,8758114,5307643,16671149,4585188,42133410,29678071,6634870,73926290,116299724,11061998,1166865,3762534,22652081,16862732,22420416,20954567,6917936,180275646,39204940,4666234,16463271,2557079,14135049,18146984,1875694,4889651,12146527,494741,786522,786522,39821407,21827773,10930155,2422109,4704312
"E1-OS-3-B",778271115,11075130,59570229,54151275,4556245,7405883,3327326,3619921,16437027,11487595,954379,68203145,216246211,379657,2941111,2014346,1678480,8981577,19885073,2381848,6880410,8648367,2813099,4833180,6137690,39309516,3998764,24046198,1226803,1944933,5630268,22158464,12017493,1319251,14623317,908020,5412882,6759400,7733883,40049245,40844070,73404544,3281275,2420651,6992225,9267057,32912175,2710559,14023250,11634563,26638697,2587291,69906756,1844749,11944053,30652753,7480407,4421325,63082765,105162846,4067591,3152633,5370057,25178934,9995144,18090039,111341503,11803441,5296870,3053871,11012328,3279729,29432858,17679081,4818426,58000747,85729354,7809180,792138,2769471,14869222,12561631,14252081,14863308,4848808,124363395,27518012,3474580,10859974,1752948,10046228,12823752,1835431,3427832,11028581,314840,704239,704239,28288321,15648990,7746800,1711835,3710685
"E1-OS-3-C",754662919,10811354,38636873,54558600,4812535,6209826,3601010,3621873,12727660,11265460,915769,46482923,220763621,365598,3099969,2609987,1645710,8668221,19030062,2405634,7025073,9218967,2744469,4420877,6285349,42201808,4025282,25870787,1240843,1919185,5511046,22580461,12424838,1224248,16043469,880326,5635503,6726022,7043558,41116946,40079501,77938293,3223006,2461506,7103095,9269367,32827888,2784470,9608172,11178412,28494581,2719108,60958965,1906714,12658407,33730932,8054333,4760354,70288396,115484595,4013554,3104495,5651795,26401538,10499295,20652367,112910687,12230957,5558195,3504938,11463758,3571475,32876318,18994835,5612816,52715173,88011473,7445754,742413,2996214,15758918,13509560,15630523,16270475,5031394,128144774,28816155,3522372,11050024,1824209,9829979,14764743,1983053,3402572,12625942,393984,736383,736383,26739421,16243191,7204188,1837132,2848161
"E1-OS-3-D",807924806,11350057,12340649,94386124,6590736,7828844,4380215,4563998,12175923,15513644,1177751,17006135,226869712,507587,3169130,2080441,2160382,11456713,18718868,2128425,9957314,10091411,3655382,3687577,10739748,47311669,3669042,34810581,638379,2943379,4627655,22801532,16157559,1859051,18173083,1326798,5773776,7739523,6459174,57446622,46688991,89254849,2850045,2463193,8033227,9987289,40120028,3001597,10569216,11990687,33606635,3933779,88288599,2377672,17032333,39577681,10911576,6097836,79539690,132193105,4841762,3780968,6729621,28723783,10372552,26103504,148912665,15622214,7465718,3706249,13640147,4598356,36054376,21056264,4517456,85640212,100110395,9813368,983649,2424288,18028820,12105557,16672976,16311078,5092752,153449279,31253371,3373025,12976501,1720950,13266588,13529904,1052755,4190972,8429022,414373,536646,536646,32665904,17849600,8796183,1794627,3656144
"E1-OS-3-E",800377101,9879804,31827792,58072937,4988472,5594977,3427062,4050454,11902633,11305753,885672,39561907,188946780,431440,2744357,2096103,1697061,8284653,19264400,2279263,7249329,8896608,2729237,4131027,6569136,42867103,3700361,24789070,944091,1940534,5281966,23825539,11540027,1177741,13766881,921192,4803259,6805380,5441722,44703374,36373269,75352685,2708599,2524338,6251072,8183454,31504448,2908317,7849552,11036609,25451629,2823789,59541698,1824692,12694479,30094148,7871420,4140409,60572967,101835733,4017961,3159207,5107339,23676587,9146392,18619842,110732401,11395609,5657725,3150787,9882839,3381386,24596996,17518652,4284579,51862577,73374524,7322169,710267,2104978,13111501,10186348,12706868,12482178,4200629,126331438,23559437,2704102,9267959,1575004,11083704,11172813,1295854,3331994,10626445,350584,482579,482579,28046046,14615196,7713679,1596899,3379727
"E1-OS-4-A",647511097,9590495,55268996,53788880,3400177,4404176,2904866,2932028,14985454,8344635,664310,55452789,175825910,368562,2524561,1484492,1305990,9716168,14035760,1981179,7221193,7679576,2173478,2969304,5453363,37670211,2874091,24256932,1012682,1522651,4211048,21352303,9397172,1392373,11543863,791342,4429947,5370697,3939688,35467991,28388949,58934747,2034959,2370766,5948739,5921977,26992883,2583707,7191725,10410709,21665637,2339928,52102392,1690169,11125251,26766249,6166151,3461133,48804630,94917098,3175319,2963490,4420212,20156485,8115049,18054206,93803512,10088188,4709545,2846791,7920557,3132930,27734462,16058125,4492470,53358112,75204050,6348168,568831,2612706,14569524,11852767,14384940,13389126,4268777,109595015,20615960,2846034,9500928,1487579,7783035,11852114,1611508,2593797,8773273,246869,680894,680894,22631777,13938184,7097086,1695238,3239103
"E1-OS-4-B",1262781307,20336459,148780360,65176863,6282227,10260095,4940445,3203084,31873726,15848004,1548225,141095330,398230039,371992,4644685,2350897,2366297,17269877,27986686,4354979,10633622,13060988,4155348,6440570,7803717,51019603,5180296,34244742,2586297,3412984,6636553,30512036,18696421,2605296,30724982,1393101,7926254,13074211,10128368,56201565,56785224,121163238,5295392,3714063,10115013,13541298,37498553,4056251,20418469,13859767,37386524,3380174,97264862,405373,20210936,60304340,10348841,6689878,103932372,233127614,5635774,5098318,9509558,32897441,13863750,31255899,182747225,17148666,8308388,4920564,18773457,5374216,49514919,26850598,8110050,121256229,161423302,11497679,1547608,4804045,22691134,21084054,22932357,26565578,7831700,211498607,57571325,5682033,16387518,2777944,16256753,21288878,3165589,5363760,21188307,571319,1150959,1150959,49569048,24616111,15106188,3463332,7085004
"E1-OS-4-C",657663817,8922123,125833726,39503155,2622934,5555581,3377810,2754257,7574933,7814845,617519,113429140,124325740,277874,1844314,246655246,1239615,6562129,20948716,2112274,7942102,7532630,2141761,2890319,7589110,34023085,2458283,25666682,513484,1378352,3677348,13793341,10042701,2004437,10269197,745024,3301679,6207607,4464218,45413520,34935743,53311580,1811937,1614921,5343220,7192673,26430468,1879602,4159500,7463666,22727905,2608120,43037977,1841508,9964318,24508073,7496153,2739125,39940841,84195667,3527294,2981370,3293634,12098087,4347436,13737784,85457032,11949934,3820535,2869450,6835926,2681707,18791973,16875849,2970598,64999863,55760754,5944360,463203,1627295,9941958,6723666,7993314,9238729,3052514,75256269,19646223,1849105,6666124,1035511,6895901,7943362,1106914,2305935,7592697,216336,359884,359884,19472447,8750748,6000523,1256197,2334332
"E1-OS-4-D",617132915,7587854,82857280,40670202,2616208,5427934,2933260,2299201,8440602,6072653,999572,69783154,112801855,232745,1386837,2363389,1107243,5496510,14369053,1722077,5996525,6494483,1808103,2412264,5378995,34607932,2153434,19291683,324143,1373718,3252139,14351995,8780741,1570107,7729811,651495,2385519,6197426,5277056,40096380,36673275,49987901,1566038,1525924,3170322,7163418,32176248,1803676,4710739,9076669,24732306,2523309,46783550,1687573,8606770,19359970,7360371,3107445,42085906,68954938,3641929,2624783,3552597,17247834,5844640,16345590,75307586,12160852,4278906,2652919,6341612,2490413,21193259,15203142,3124006,43383681,59704198,5546893,436116,1596130,11568661,7223540,12594592,8755896,3053305,77663351,16510203,1869151,7497275,1052274,6089453,8480223,857694,2074911,5051494,203836,291201,291201,17645114,9176597,4999371,1095995,2132440
"E1-OS-4-E",937040489,11081598,26004410,52974288,5132641,7791241,3898412,3895717,11062499,11208670,927837,35578826,230359527,432677,2926513,2131381,1973121,6272643,34850237,2025538,8953051,11068769,3356624,7998545,7298016,48430617,5880873,28337391,968132,2332437,8260567,26645749,14781334,2413045,19057111,1075074,5123926,9425648,12396206,52448238,57925814,99246055,4306000,2546821,7608891,12419890,36988369,2998396,7079032,12210481,36667404,3228761,56911734,2279170,13858561,42564968,9253819,5219516,82372159,168895321,5376713,3391165,6970821,27065514,10406601,23566129,121332883,15880206,6054725,4474608,12537991,3938160,31655578,23294207,5818681,56924755,95457446,8360729,802050,2537909,15573467,11258561,13233349,16977681,4965772,139638310,34664124,3268136,11848591,1937449,10318808,14916799,1788124,3500550,16957154,391978,565570,565570,29667064,15456275,8566236,2177743,3821755
"E1-SW-0-A",788248753,12947848,49517209,49627655,4046632,6177262,4178029,2627074,10163001,8277777,983744,54196688,158841352,562501,2395119,2674395,2722610,10116076,21555626,2431499,8655302,9681716,4904980,4673417,5474682,50815214,3857852,21032242,795900,3585609,5602445,21105921,14175141,3829384,19037750,1983676,4010003,7918409,6308533,40606584,44564620,81522712,3147637,2356379,3359165,9199553,32932054,2853401,6874234,11216298,30127401,3851757,52601046,1865148,18441308,28684007,8588725,4248726,63360615,97150833,4630036,4833527,14884884,20319544,7233791,19220490,195363181,12706482,6038110,3264036,10883803,6288529,24486436,18781827,4373390,66988813,80251767,5258064,619097,1908812,13522591,8460204,12345069,11847948,4524822,98782696,27943815,2559313,9782063,1495711,13050035,10876792,1265883,5153134,10252701,306233,408532,408532,32401286,13871466,12564536,1363132,5129846
"E1-SW-0-B",1414424663,19046793,4266286,91440723,6510639,12247020,9910428,4144718,13962748,12417564,3370914,9069894,201485683,1024530,2539884,5180855,4870239,29303344,40981449,1742352,20921017,18459562,9628706,7144038,11292673,106775618,6297952,44778380,230773,5967107,9229544,40042522,30339245,10587933,32822905,4098493,4454236,13071781,14549724,95020788,105759303,145042605,4370345,3470873,2896984,20037537,77341450,4703153,12181255,23908766,66950139,9165144,124858919,4228607,33277339,47860654,20169756,6783920,98911926,167248357,11925880,8163877,30457527,37624823,11784499,43162673,346102415,31230226,12906360,6955334,20036130,12248610,45182557,41187227,5624479,77335706,139348037,8037103,1439426,2266485,27556778,11580998,27474045,18995738,7795384,165366320,47034240,3742541,20336127,1858083,23140398,16606165,598485,9938652,7167463,488350,307310,459188,59580095,22692067,22201786,1817150,9211932
"E1-SW-0-C",976113839,15066569,26070952,69881270,4962017,7008982,4611807,2580176,11671349,10114786,1041168,37948102,233018593,654982,2974084,2716740,3117472,12431639,18947590,2358153,10124821,10507685,5833578,3067730,6722558,45892849,3187635,27353977,1060781,4109103,3625985,19656986,18055817,4510154,26014583,2254603,4849248,9756915,5034942,46150185,45660331,99894541,2932480,2552574,4312016,9109942,31019681,2916426,10319284,9704005,32747234,4092649,74868852,2202846,20190061,39506336,8686942,5481480,79141118,140768298,4554309,5051081,18480267,19485289,6730592,23754633,212695618,14181376,6866643,4135182,13921630,7418586,32548084,22912297,5711693,57590999,103124438,5282886,700699,2134413,16788411,10419130,14561747,16929879,5636724,122882038,39497308,3151987,12093825,1673530,13853199,12798686,1580916,5849132,16736513,293184,502744,502744,36531243,17076181,14558166,1985514,6058490
"E1-SW-0-D",644325027,11756152,151556954,58250745,2901884,4680549,3035437,1583142,7116406,7600409,559007,116688937,121597818,393553,1758301,1971617,1925821,11010770,6284522,2591903,9052261,6282620,3774419,847448,6289610,22489740,981615,23074344,333306,3031892,850285,8589419,13232741,3257224,15037843,1744084,3181773,6205139,1839567,30458250,20815410,53054532,1009264,1161682,1936815,4994649,17749294,1471176,6363601,4550563,16199271,3115585,50498409,1378002,17017123,22382156,5688719,3033615,37358730,78478237,2001064,4370885,11861462,8421109,2377458,15867285,180921591,9374618,4376713,2257804,7265756,5773524,19445166,13256868,2658936,88598819,60475620,5279018,513838,962858,10240054,5101719,9216942,8175152,2868000,73959217,21805471,1626119,7438160,809112,10542692,7039467,499176,3960015,5399633,147006,183596,183596,24366606,10410929,9978132,893924,3988831
"E1-SW-2-A",544655692,9881146,74359514,29287687,2863744,6350389,3343812,1996066,7184814,6925911,806765,52967226,117517951,565897,1946040,1887522,2186338,4988505,16267987,2167269,6061928,6506243,3670714,2899076,4219887,37287265,3244664,15739192,506237,2590705,3314699,14282440,9832725,2045499,13907288,1408281,3648131,8091233,3603263,32882424,30387612,60369222,2233667,1874099,2670113,6447041,22384016,2147360,3868145,6545498,20983677,3699110,32010708,1366362,16666302,26717380,6624007,2995874,44996876,96698908,2979349,4401845,10707418,15231093,5229392,15517693,150665728,10550765,4653261,2499295,8183232,4763355,17334759,14135234,3273022,60028216,61105190,5107156,461260,1285759,8911933,5788489,7665271,8603486,3150936,75185927,22984279,1700329,6631835,1272071,11343835,7863161,1178362,4417385,7320169,334954,266162,266162,27149281,10095172,12052278,1102458,4487181
"E1-SW-2-B",534330461,10533671,199661420,28391023,2399506,5147087,2260603,1425314,7173964,6362339,725094,143474869,121670855,408921,1898072,2988254,1739486,3952880,11703944,2586598,4980464,5380540,2956553,2017014,3788036,20805012,1757031,14369256,534764,2338332,1910320,9068146,8790289,1499771,11069236,1186603,3580839,8096841,2896456,23982911,26062093,50351134,1753986,1307668,2725777,5665085,17607111,1536746,3856808,5110267,18925629,2304009,28215767,1175254,12492626,21209040,5282155,2900989,41641664,76595640,2420744,2929810,7904281,10977637,3732133,11044152,130223850,8598521,3498732,2119709,6762129,3810660,15462688,11819696,2846215,76287154,50460016,4885235,419320,1260061,7370693,5750267,6283475,7457174,2703447,61022891,19866640,1659803,5111025,1120619,9561959,6890537,1051712,3492143,7201237,248966,262103,262103,21688320,8395301,8564204,984734,3507536
"E1-SW-2-C",1060548758,15624547,36444569,67843739,6359768,10343656,5873165,3326576,14048297,13013374,2532772,46339544,261591127,918028,3383349,3989428,4174382,12142866,36135418,2232116,11105084,13489519,7120811,8682985,7687885,73624998,7145312,31251673,1048783,4821159,9628709,32000632,21941753,4268250,29483879,2322563,5928868,15975793,14665646,57719236,79429229,123635893,5140217,3474266,5454556,15507612,49839554,4061079,10544633,17100436,52550279,6298983,87127114,2734687,24806288,52177506,14302956,6622729,100932869,198162330,8186384,6372942,20807923,32829590,11572998,32798050,249121918,21786564,9885513,5374863,17080923,8265269,41764465,30922970,6709651,75970607,137260390,7775823,1037133,2906343,22344229,13375175,18994508,21404794,7619014,167538635,51542401,4230244,17031409,2402036,23126191,19510508,2156781,9203242,17242572,693158,649991,649991,58453922,21556548,21417535,2585521,8470138
"E1-SW-2-D",629549371,10092309,40277822,55480847,3468564,4102642,3393936,1988534,8318752,7048820,626080,39819596,116036938,435879,1898064,3153317,1967227,9953725,12205656,2392694,7517329,7342412,3380061,2321774,4735134,38494283,3073104,19240868,528107,2451536,3156887,17235212,9411443,1995238,13942466,1296976,3023367,11410338,3332625,32400787,29095186,54204485,1743182,1927079,2790175,5905440,26646036,2310292,6305607,8627170,20416328,3406893,45768672,1511603,14543699,22843429,6355517,3330410,44941869,79531994,3163227,3470031,9970270,14351208,5163307,16651507,156620545,9673941,4718659,2611163,7354307,5050969,21893668,14964564,3241843,88364558,65233096,5343895,516511,1541955,12373089,7756459,12156846,9915934,3716466,79346162,20782665,2047270,8275828,1118253,11245886,9656980,769951,4176705,6322142,261394,355742,355742,26287330,11841964,10316450,1174465,4190263
"E1-SW-2-E",713876534,12194032,191449605,51447131,2964152,5470022,4270381,1892559,7466704,8053695,1333740,150552977,132494217,361670,1805802,5735289,2012432,9871704,13906456,2533859,10770348,7930504,3749551,1429951,7189605,32121983,2020462,29541623,379555,2829319,1566372,10734435,13558366,3169720,13947330,1537432,3258302,11403844,2377275,39725723,29063512,57847491,837640,1404675,2719226,6683559,22307701,1723386,5797871,5725107,21519200,4109546,53380558,1749795,17232590,26527744,6984492,3298757,40643653,90240649,3022221,4152140,11330127,9645364,2880281,16890755,176259354,12897137,4560483,2973975,8411800,5647344,21287180,18906685,3166932,92534278,66827678,5515494,514609,1263861,11429200,5914301,9628326,9344205,3368646,79620731,23484925,1892796,8533129,1004074,13481889,8034825,731167,4998469,6452508,297823,210975,210975,30808117,10455313,11171236,1120647,4371438
"E1-SW-3-A",1292478069,17174343,9922203,102804974,6097505,10229928,7431416,3729906,13387545,14523395,2731328,17630607,218042887,454454,3171900,4418259,3872769,19409159,28811046,2415676,14949197,16104952,6573808,6642846,10800559,85585970,7030361,39654225,633861,4539551,8767313,35726678,19901383,4730517,169622,2124863,4837196,16172885,10164831,70477714,68879470,97372149,3520777,3497004,6103029,12263549,66618721,4553039,12444973,20792828,46514024,7506778,104053186,3661787,24685831,42974830,16767049,6601417,86262256,146114290,8536583,7399007,16569721,28138811,9871002,32205955,233495809,23232481,10299690,5541282,14559986,6971291,49278905,33032561,6688949,82931421,137037886,10782613,1075074,3236538,29652438,17248745,26018836,22995204,8614531,162777746,46551195,4806418,20044404,2036279,19969841,19134717,1102660,7695871,8648072,624498,700877,745118,51354917,21766855,19046653,2563335,7530698
"E1-SW-3-B",520692394,14707920,445911716,13878579,1604953,4010842,2503027,1541462,11056283,4499917,507810,420652299,150951948,292286,1693816,1851440,1509475,4965588,15718317,4246350,3376309,5452694,2595066,3498107,2207652,27883000,2438424,9220012,1010933,2298637,3592329,14585348,6572106,1283980,11044710,1056966,2794067,6457399,3492676,21648699,23925982,47113081,2390700,1899327,2365556,6228735,15297021,2087516,3181353,6612616,16276098,2133583,23451587,1059540,11984029,20272755,3980049,2356891,37408764,75851653,2574234,2960993,7155277,11216375,4845685,10178857,115634722,7568104,3206644,2280695,6305656,3323864,16392085,12659078,3584272,58912955,56460396,5871438,440777,1924739,7577643,8305304,6061503,8704979,3263432,66637947,21013714,2242213,5036984,1351327,9733557,8841061,1787804,3529987,8885462,329624,505474,505474,24239642,9306617,9417635,1293870,3730016
"E1-SW-3-C",608535308,9236558,83422045,51056584,2831274,4458714,4061377,1462379,5713804,6045769,1084434,63529344,104336294,896446,1439733,1614865,1538383,7303663,8920479,1926878,6388119,5825515,2777525,1425046,5085128,26878358,1383037,21505902,350605,2122278,1637285,10180835,9991645,1878016,11351784,1124636,2373893,5672551,2766484,28683273,25801631,49976905,1335351,1464145,2035638,5506674,22078855,1738663,5890984,6005113,18408467,3379535,43736020,1439480,12346665,24871652,6695403,2950380,37905759,88385688,3117743,2928143,8877283,11500414,3563515,16273861,117173324,11586564,4657733,2411770,6772730,3451168,22290557,14361884,2980378,46911493,58578635,5373360,554864,1169171,12099946,5485188,9665705,11345033,3560312,78977714,22501850,1809450,8990679,1068849,9863410,7774414,854735,3804158,6140152,325008,230168,230168,25263435,9979849,9822249,1321365,3766731
"E1-SW-3-D",1201019040,16234276,24628652,92156941,8290989,10629927,7951575,3525227,23305951,14426335,2618150,27536692,238816288,750380,3766181,3915316,3967292,23135611,28310374,2879291,13514333,13926442,7098524,5354691,9871169,81290393,6272761,38310217,854521,5007422,6648328,33365304,21455638,4945075,25495903,2623088,6278024,13307070,10363607,68373997,68718883,113066743,3523541,3945802,6112232,13093737,57477172,4767324,24639783,18474195,45429409,8546270,122899852,3374362,25951052,57982048,16454226,6545441,96075463,192159580,8973096,6025902,20277997,41937874,14583499,39152150,256340523,24588185,12233230,4682588,21372974,7953762,49558545,28370341,6349829,74990161,157057119,12857964,1092259,4155080,27924537,16732154,26511488,23114717,9206309,189688083,57144891,6015179,20831082,2912148,27928547,22528545,1583616,11001118,10339547,897301,748108,748108,79416629,25935750,33517048,3075093,14447943
"E1-SW-3-E",827840210,16266544,159399190,48612725,5164252,5904945,3443184,624086,36175013,8757431,1088104,132577972,212931832,263674,3107680,2174865,1844675,16841695,16016910,3742974,6914344,7372995,3657503,2957262,4222925,32936166,3222823,17195143,2117392,2850378,3032225,15215621,10628976,1847353,19649804,1593128,5009823,12712206,3742697,27888882,26917525,63397007,2463308,2385506,4628089,6868481,19920594,2494488,11853600,7281786,18525527,2906786,48748576,1434868,17838597,40363466,5245230,3173559,60867872,140269906,3057755,4035598,13755479,22242986,8414622,18744133,177845136,10491863,5546036,1984705,13799894,5303246,30288276,11843648,3513642,88887934,105757218,8028595,599648,5717064,12615706,19786481,13428167,18047432,5116240,118074080,45253220,5905458,10540830,2573885,18541889,31469352,6042055,7205768,8525347,386658,1623479,1623479,53064739,17055831,25632980,2474405,10871966
"E1-SW-4-A",582111029,10848907,140146501,34410789,3699369,5839518,3499552,2010617,13969962,7611682,1156482,115374592,156475176,239806,2285789,2567846,1682656,6715474,14851285,2490170,5274263,6931824,2939413,2660319,4601098,36424421,3014594,17144480,717310,2190297,3082854,15642436,9847712,2078593,11320624,1250058,3836237,7361618,3671068,32337107,28854349,60259493,2077967,2081157,3897052,6710826,22421447,2299036,10159718,7151922,19212158,3746427,45389164,1411863,14577087,26361448,6112072,3286481,49218183,91538579,3068423,3265821,8692918,15216152,5485680,15668232,140669711,10730617,4889210,2235042,9882004,4298821,21421774,13361041,3776689,70146081,79021909,8700566,920115,2101604,11046507,8351939,10023782,10861049,4046849,90356892,30598892,2792829,8524213,1555334,13165996,10130114,1267890,5060683,8135631,434681,419184,419184,38858952,12580444,16329627,1659614,7393503
"E1-SW-4-B",623478662,9060433,63065227,44157032,4270461,6480564,4486527,2248888,13448887,8934268,1481921,44393770,134718113,181248,2344001,3052798,2005960,9070276,17223377,2327012,6733258,7804838,3457617,3055580,5867507,44778346,2703347,20178450,504099,2377295,3880318,17597774,10869427,2573429,10781816,1402035,3995940,6057556,5073500,39571300,37620072,63192176,2130697,2181917,3695437,7140960,31920396,2466781,11167694,9526709,23052524,4893395,56464834,1736590,15353823,26550744,8163148,3514885,51737150,87768329,3896146,3723856,9634768,18639214,6509397,17953810,145391711,13157311,5665510,2531216,9735718,4310879,23388159,15061231,3509390,58520915,80693490,10319009,912135,2100261,13330845,8587794,12010224,10885849,4560853,93670513,29852947,3020418,9809719,1514740,14098472,10020008,830002,5518459,5774700,440522,368066,368066,42091967,13216989,17703122,1565941,7965604
"E1-SW-4-C",833520137,10722357,16502484,57094180,4970718,7115357,5014019,2743605,16794119,9625423,1653495,19330892,155355792,211572,2441832,2853939,2466745,13232530,19323266,2077410,8255112,9869393,4139604,3930259,6808384,57276639,3890585,23494741,568456,2866611,4881132,23500491,12254051,3090398,13528704,1458387,4064759,6859426,6263030,44849618,43753800,71257535,2241573,2648165,4217295,8860631,39343741,3077983,16480698,12414022,26502316,5480763,78904223,2115861,16116919,31086513,9520128,4383309,59409358,95347099,5062968,3683925,11587710,22186697,7913562,22419629,157424856,14633123,6807616,3233138,10819654,4770555,27353486,19388205,4099706,47784619,90801901,10383168,1144368,2295365,17249415,10319029,15656287,12886899,5439324,109634523,33043425,3520112,13196434,1697817,16151844,13130880,946168,6542099,6901407,504013,453267,453267,54337557,17406428,28321593,1916003,9274906
"E1-SW-4-D",567605576,9439291,147060666,9623326,2067468,4185865,1367682,941674,29088418,2644616,352856,106939944,106504418,118721,1140159,1026717,953200,3034833,10413484,716583,1465364,2754693,1734517,2063823,1205167,12777089,1126771,5477177,901164,1785415,1734844,6469555,4001067,937183,6125169,814409,1783731,4132586,3117151,13094980,16600548,40331613,1660507,1270159,1994438,4144011,7160049,1496201,2198510,3073372,10401852,1030382,11065649,533772,10285096,15691758,1888283,1443411,25493216,60277321,1376143,2510257,6006132,9984093,4005476,6894201,98866196,5563057,2212474,1418892,5663767,2974983,11142024,7827857,2304826,33411343,42866615,6432975,874043,1439668,4237074,6650503,3698448,6554305,2103679,51232739,17779042,2576129,3359195,1998808,8899437,11466444,6585066,3341521,5480072,218854,1030769,1030769,23634669,7468669,9831152,1204114,3219679
"E1-SW-4-E",472381259,9230892,159392560,16067811,2106642,4840307,2736166,1452859,10039038,4474281,568636,135665049,123394204,163551,1651381,2258103,1295609,2829171,16345307,2324899,2878556,5099955,2071400,3298912,2273435,27431229,2243307,9657019,865914,1546480,3275339,12614288,5945336,1131801,7664197,870480,2736472,4835580,4944087,21429354,27778767,45851630,2204609,1757750,2536850,6222706,16186589,1817362,5382777,6238222,16317285,2114845,26673780,1032155,9669388,19143557,3950354,2463400,37341557,72968495,2477695,2209985,6662314,12583157,4917814,10564647,93828915,7919929,3189686,2021466,7067969,2927333,15034557,11182794,3418584,45942368,53394696,6183973,585019,1631429,7418683,6711422,7103518,8064031,3104385,62897015,22803230,2138517,5491246,1251566,8534872,7781108,1712436,3423833,8452777,1847820,372178,372178,22923642,9037292,9886563,1365268,4091463
