"harvest","type","massloss","cellulase","chitinase","phosphatase","protease","phenoloxydase","peroxydase","cellulase2phenolxydase","cellulase2peroxydase","chitinase2phenoloxydase","chitinase2peroxydase","phosphatase2phenoloxydase","phosphatase2peroxydase","protase2phenoloxydase","protease2peroxydase","aa_conc","g_prot_depoly","g_aa_immo","g_n_min","g_nh4_immo","g_nitrifi","g_n03_immo","g_p_min","g_p_immo","g_glucan_depoly","net_glucan_depoly","g_glucose_consumption","glucose_conc","adf","cellulose","llignin_extr","starch","NH4 concentration","NO3 concentration","PO4 concentration","Respiration","C_lit","N_lit","P_lit","C:N_lit","C:P_lit","N:P_lit","K litter","CA litter","MG litter","FE litter","MN litter","ZN litter","C_mic","N_ mic","P_mic","C:N_mic","C:Pmic","N:Pmic","DOC","TN","DON","pH H2O","pH CaCl2","total PFLA content","identified PLFA content ","approx. Fungal Biomass","main fungal marker 18:2(9,12)c","Sum of gram positiv markers","Sum of general bacterial markers incl. gram+","ratioF/B 1","ratioF/B 2","ratioF/B 3"
2,"AK",1.165536E+001,3.567136E+000,2.181820E+000,2.558123E+001,1.601342E+000,4.351815E-001,3.303571E-001,8.196892E+000,1.079782E+001,5.013586E+000,6.604428E+000,5.878291E+001,7.743509E+001,3.679711E+000,4.847306E+000,7.991144E+000,7.555594E+001,2.405261E+002,3.181461E+001,3.601176E+001,3.132966E+001,3.876661E+001,2.174984E+001,2.869619E+001,1.617830E+002,-8.979497E+001,2.515780E+002,1.810880E+001,6.405612E+001,2.681883E+001,3.580599E+001,6.047005E-002,6.302403E+000,1.617892E+000,3.704519E+001,4.070691E+001,5.064500E+001,8.661500E-001,4.000000E-002,5.847140E+001,1.266125E+003,2.165375E+001,2.490000E-001,1.387000E+000,2.800000E-001,2.140000E+002,1.840000E+002,3.600000E+001,2.142832E+000,1.362809E-001,2.278699E+002,1.572365E+001,9.247540E+000,5.881295E-001,3.985301E+002,1.547919E+001,7.558900E+000,6.985000E+000,"na",3.631567E+002,1.571053E+003,2.200196E+001,2.596232E+002,4.051807E+001,6.680225E+002,6.407589E+000,1.164569E-002,1.218065E+000
2,"AK",-4.423092E-001,5.288554E+000,2.449144E+000,2.365104E+001,1.518134E+000,5.605473E-001,9.494808E-001,9.434625E+000,5.569943E+000,4.369202E+000,2.579456E+000,4.219277E+001,2.490945E+001,2.708307E+000,1.598910E+000,7.019088E+000,4.822857E+001,4.764335E+001,3.103831E+001,2.896601E+001,3.634728E+001,6.105848E+001,3.699810E+001,7.873592E+001,3.101325E+002,-1.906560E+002,5.007885E+002,4.807752E+001,6.277967E+001,2.555426E+001,3.582264E+001,7.056986E-002,6.398637E+000,2.623611E+000,5.958239E+001,3.526344E+001,5.085000E+001,9.047000E-001,4.100000E-002,5.620648E+001,1.240244E+003,2.206585E+001,2.440000E-001,1.391000E+000,2.790000E-001,2.170000E+002,1.690000E+002,3.400000E+001,2.226386E+000,1.437006E-001,2.048130E+002,1.549323E+001,1.069001E+001,6.899796E-001,3.025662E+002,1.224771E+001,3.225458E+000,6.974000E+000,"na",4.575524E+002,2.034478E+003,2.873914E+001,3.391218E+002,4.779468E+001,8.527737E+002,7.095389E+000,5.460611E-003,1.272703E+000
2,"AK",-8.852267E+000,2.331263E+000,1.672824E+000,2.028709E+001,1.078914E+000,3.526310E-001,3.679625E-001,6.611056E+000,6.335598E+000,4.743839E+000,4.546181E+000,5.753066E+001,5.513358E+001,3.059613E+000,2.932130E+000,7.159173E+000,2.755221E+001,8.844495E+001,1.171995E+001,6.495994E+000,4.402028E+001,6.320364E+001,3.711740E+001,8.099791E+001,2.195131E+002,-1.484754E+002,3.679885E+002,3.162764E+001,6.276252E+001,2.581144E+001,3.554869E+001,,6.243204E+000,2.238827E+000,3.945370E+001,2.932584E+001,4.773500E+001,8.340500E-001,3.800000E-002,5.723278E+001,1.256184E+003,2.194868E+001,2.270000E-001,1.245000E+000,2.590000E-001,1.990000E+002,1.590000E+002,3.000000E+001,1.928786E+000,1.201374E-001,2.768686E+002,1.605484E+001,6.878483E+000,4.284367E-001,3.254627E+002,1.279472E+001,4.312691E+000,6.907000E+000,"na",4.334812E+002,1.873390E+003,3.142969E+001,3.708704E+002,4.014745E+001,7.112128E+002,9.237707E+000,9.804262E-003,1.497979E+000
2,"AK",4.407194E+000,4.094047E+000,2.520839E+000,2.631073E+001,1.903186E+000,5.657291E-001,5.979722E-001,7.236762E+000,6.846551E+000,4.455911E+000,4.215646E+000,4.650764E+001,4.399992E+001,3.364129E+000,3.182733E+000,7.196590E+000,4.360533E+001,1.794801E+002,1.182212E+001,7.909013E+000,4.233111E+001,6.129000E+001,3.225037E+001,5.429126E+001,2.146272E+002,-1.320104E+002,3.466376E+002,3.107192E+001,5.333175E+001,2.354086E+001,2.859922E+001,6.970909E-002,7.823926E+000,3.256865E+000,5.774697E+001,,4.985000E+001,8.832500E-001,3.800000E-002,5.643929E+001,1.311842E+003,2.324342E+001,2.400000E-001,1.310000E+000,2.790000E-001,2.040000E+002,1.510000E+002,3.400000E+001,1.799315E+000,1.319834E-001,2.575501E+002,1.363289E+001,6.883462E+000,5.049157E-001,3.122921E+002,1.227366E+001,1.192870E+000,7.073000E+000,"na",4.283311E+002,1.711672E+003,2.593563E+001,3.060405E+002,1.914584E+001,6.354676E+002,1.598470E+001,2.491898E-002,1.534218E+000
2,"AK",5.302617E+000,2.004361E+000,3.261909E+000,1.722844E+001,1.003208E+000,3.190592E-001,3.103576E-001,6.282099E+000,6.458231E+000,1.022353E+001,1.051016E+001,5.399763E+001,5.551157E+001,3.144270E+000,3.232426E+000,7.740821E+000,1.314167E+002,2.318931E+002,1.242668E+001,1.457326E+001,3.958183E+001,5.800680E+001,3.161410E+001,5.198043E+001,2.569873E+002,-1.730667E+002,4.300540E+002,3.655051E+001,6.576734E+001,2.724196E+001,3.705584E+001,4.857313E-002,7.404394E+000,2.947629E+000,3.840571E+001,4.481746E+001,5.004500E+001,8.845000E-001,4.100000E-002,5.657999E+001,1.220610E+003,2.157317E+001,2.540000E-001,1.306000E+000,2.840000E-001,2.180000E+002,1.700000E+002,3.300000E+001,1.916453E+000,1.199007E-001,2.567343E+002,1.598367E+001,7.360891E+000,4.605256E-001,3.293457E+002,1.324687E+001,2.894851E+000,6.953000E+000,"na",5.184960E+002,2.274345E+003,3.326527E+001,3.925302E+002,6.222222E+001,9.511570E+002,6.308522E+000,1.069731E-002,1.268540E+000
6,"AK",2.556169E+000,1.292522E+000,7.148951E-001,2.541302E+001,1.764604E+000,3.722068E-001,4.906366E-001,3.472592E+000,2.634378E+000,1.920693E+000,1.457077E+000,6.827662E+001,5.179602E+001,4.740922E+000,3.596559E+000,6.024100E+000,2.585653E+002,2.310982E+002,1.009232E+001,4.505094E-001,2.127300E+001,2.103646E+001,3.393501E+001,7.017169E+001,3.220984E+002,,2.871783E+002,1.703583E+001,4.846111E+001,2.209738E+001,2.528090E+001,9.268657E-002,7.225956E+000,2.488313E+000,4.318844E+001,2.010874E+001,5.065000E+001,9.399000E-001,3.800000E-002,5.388871E+001,1.332895E+003,2.473421E+001,2.620000E-001,1.342000E+000,2.760000E-001,2.000000E+002,1.600000E+002,3.400000E+001,3.893407E+000,4.858812E-001,3.338249E+002,8.013084E+000,1.147984E+001,1.432636E+000,8.482567E+001,3.103444E+000,-6.610826E+000,6.875000E+000,"na",2.385764E+002,1.079501E+003,1.504008E+001,1.774729E+002,5.401023E+001,5.126498E+002,3.285913E+000,6.616159E-003,9.703077E-001
6,"AK",-7.563457E-002,1.480628E+000,1.137275E+000,2.553067E+001,1.353235E+000,7.655363E-001,7.113478E-001,1.934105E+000,2.081440E+000,1.485592E+000,1.598760E+000,3.335005E+001,3.589056E+001,1.767695E+000,1.902353E+000,5.261699E+000,3.078839E+002,2.711203E+002,4.418038E+000,4.505094E-002,1.193406E+001,1.284320E+001,2.406350E+001,3.323153E+001,1.599823E+002,-1.500993E+002,3.100816E+002,3.223776E+001,4.676624E+001,2.396088E+001,2.176039E+001,9.066732E-002,9.072232E+000,3.353481E+000,4.670849E+001,3.957233E+001,5.090000E+001,9.151000E-001,3.900000E-002,5.562234E+001,1.305128E+003,2.346410E+001,2.600000E-001,1.362000E+000,2.830000E-001,2.180000E+002,1.670000E+002,3.500000E+001,3.911453E+000,5.500561E-001,2.825359E+002,7.111008E+000,1.359032E+001,1.911167E+000,9.390947E+001,4.071562E+000,-8.354150E+000,6.868000E+000,"na",2.333298E+002,1.061241E+003,1.535881E+001,1.812339E+002,5.020869E+001,4.969799E+002,3.609612E+000,3.875955E-003,1.011272E+000
6,"AK",3.625080E+000,1.505694E+000,8.791187E-001,2.989223E+001,1.575210E+000,7.180641E-001,4.438943E-001,2.096879E+000,3.392009E+000,1.224290E+000,1.980468E+000,4.162891E+001,6.734087E+001,2.193690E+000,3.548615E+000,7.030302E+000,3.967685E+002,3.056218E+002,7.444655E+000,8.579343E+000,1.784039E+001,1.971830E+001,4.449139E+001,9.386304E+001,4.575945E+002,-1.421090E+002,5.997035E+002,4.758148E+001,5.411834E+001,2.363636E+001,2.927273E+001,6.592836E-002,8.809136E+000,4.108782E+000,5.671689E+001,2.849862E+001,4.950000E+001,8.617000E-001,7.600000E-002,5.744459E+001,6.513158E+002,1.133816E+001,5.620000E-001,1.372000E+000,1.710000E-001,2.050000E+002,2.359000E+003,4.700000E+001,3.470864E+000,5.661841E-001,3.532821E+002,6.130275E+000,9.678562E+000,1.578814E+000,1.025959E+002,3.127504E+000,-9.790415E+000,6.879000E+000,"na",2.864864E+002,1.301350E+003,1.739876E+001,2.053053E+002,5.611308E+001,6.384034E+002,3.658778E+000,3.886462E-003,9.203456E-001
6,"AK",3.951470E+000,7.318109E-001,1.241409E-001,2.705486E+001,1.829743E+000,4.025446E-001,5.727267E-001,1.817962E+000,1.277766E+000,3.083904E-001,2.167541E-001,6.720959E+001,4.723868E+001,4.545442E+000,3.194793E+000,6.420509E+000,2.803237E+002,2.678470E+002,5.622834E+000,2.565160E+000,1.826514E+001,2.207592E+001,2.810012E+001,5.281801E+001,2.385243E+002,-1.036648E+002,3.421890E+002,2.957392E+001,5.323022E+001,2.474490E+001,2.729592E+001,1.057320E-001,9.786474E+000,4.237270E+000,4.626610E+001,3.234750E+001,5.098000E+001,9.517000E-001,3.900000E-002,5.356730E+001,1.307179E+003,2.440256E+001,2.690000E-001,1.441000E+000,2.870000E-001,2.090000E+002,1.740000E+002,3.400000E+001,3.438742E+000,4.852284E-001,3.859554E+002,7.086853E+000,8.784795E+000,1.239590E+000,1.054291E+002,4.071373E+000,-9.952371E+000,6.835000E+000,"na",2.333614E+002,1.055007E+003,1.431450E+001,1.689112E+002,5.664252E+001,4.970693E+002,2.982056E+000,7.227620E-003,9.759984E-001
6,"AK",8.519088E-001,5.122441E-001,3.118333E-001,2.545186E+001,1.441653E+000,7.102682E-001,4.482585E-001,7.211982E-001,1.142743E+000,4.390360E-001,6.956551E-001,3.583416E+001,5.677944E+001,2.029731E+000,3.216120E+000,6.009093E+000,3.370268E+002,3.618048E+002,7.121215E+000,7.792760E+000,1.314385E+001,1.216379E+001,2.475305E+001,3.088863E+001,2.749658E+002,-2.111637E+002,4.861295E+002,4.501192E+001,5.717748E+001,2.359952E+001,3.230036E+001,6.339375E-002,8.312994E+000,3.380832E+000,6.299200E+001,3.320073E+001,5.094000E+001,9.196000E-001,3.900000E-002,5.539365E+001,1.306154E+003,2.357949E+001,2.610000E-001,1.361000E+000,2.800000E-001,2.200000E+002,1.660000E+002,3.200000E+001,2.743811E+000,4.421556E-001,3.263256E+002,6.205532E+000,8.277809E+000,1.333940E+000,9.149707E+001,4.321634E+000,-7.372192E+000,6.785000E+000,"na",1.324465E+002,5.988126E+002,9.916422E+000,1.170138E+002,2.842695E+001,2.853753E+002,4.116298E+000,1.202954E-002,9.635864E-001
2,"KL",1.023185E+001,1.276563E+001,9.121945E+000,3.590357E+001,1.134692E+000,1.286821E+000,9.341825E-001,9.920281E+000,1.366503E+001,7.088743E+000,9.764628E+000,2.790098E+001,3.843315E+001,8.817790E-001,1.214636E+000,1.033562E+001,8.516849E+001,1.407022E+002,4.264005E+001,4.313509E+001,4.923410E+001,6.221266E+001,2.456487E+001,6.400740E+001,4.339115E+002,-3.067307E+002,7.406422E+002,8.330517E+001,5.515649E+001,2.430380E+001,2.962025E+001,1.046087E-001,1.431875E+001,3.419859E+000,3.309775E+001,6.455375E+001,4.956500E+001,1.049100E+000,3.300000E-002,4.724526E+001,1.501970E+003,3.179091E+001,5.440000E-001,1.275000E+000,1.480000E-001,2.240000E+002,1.518000E+003,3.500000E+001,2.791313E+000,2.092818E-001,1.202010E+002,1.333758E+001,2.252484E+001,1.688825E+000,1.102733E+002,5.211268E+000,-1.252734E+001,7.034000E+000,"na",5.005631E+002,2.212517E+003,2.986070E+001,3.523563E+002,5.986943E+001,9.723193E+002,5.885412E+000,7.286145E-002,1.126844E+000
2,"KL",-5.477823E+000,8.073142E+000,8.032615E+000,2.940590E+001,7.580654E-001,1.485565E+000,5.834118E-001,5.434391E+000,1.383781E+001,5.407110E+000,1.376834E+001,1.979442E+001,5.040334E+001,5.102876E-001,1.299366E+000,9.043462E+000,1.045565E+002,1.999303E+002,2.352362E+001,2.106666E+001,4.251825E+001,5.453336E+001,2.192951E+001,3.734500E+001,5.489724E+002,-6.896155E+002,1.238588E+003,1.411462E+002,5.906026E+001,2.468619E+001,3.305439E+001,1.031642E-001,1.198104E+001,2.773655E+000,2.561303E+001,,4.910500E+001,9.619500E-001,3.300000E-002,5.104735E+001,1.488030E+003,2.915000E+001,5.400000E-001,1.354000E+000,1.490000E-001,2.350000E+002,1.472000E+003,4.700000E+001,2.844602E+000,1.834762E-001,1.105006E+002,1.550393E+001,2.497082E+001,1.610613E+000,1.303282E+002,5.387346E+000,-9.367346E+000,7.033000E+000,"na",4.333182E+002,1.903958E+003,2.763036E+001,3.260382E+002,4.931670E+001,8.436299E+002,6.611112E+000,6.321599E-002,1.117744E+000
2,"KL",3.148672E-001,1.013747E+001,7.039200E+000,2.919254E+001,7.662349E-001,9.155969E-001,7.989032E-001,1.107198E+001,1.268923E+001,7.688099E+000,8.811080E+000,3.188361E+001,3.654077E+001,8.368692E-001,9.591086E-001,9.381547E+000,1.342398E+002,1.456338E+002,2.304350E+001,2.542389E+001,4.856813E+001,6.605005E+001,1.750709E+001,1.929968E+001,6.123117E+002,-3.433276E+002,9.556393E+002,8.888968E+001,5.417095E+001,2.384868E+001,2.911184E+001,9.160183E-002,1.222930E+001,3.013733E+000,2.757989E+001,3.545049E+001,4.971000E+001,1.018250E+000,3.300000E-002,4.881905E+001,1.506364E+003,3.085606E+001,5.470000E-001,1.223000E+000,1.420000E-001,2.140000E+002,1.515000E+003,3.500000E+001,3.404824E+000,2.167320E-001,1.229936E+002,1.570983E+001,2.690486E+001,1.712613E+000,1.204471E+002,5.274377E+000,-9.968658E+000,6.940000E+000,"na",4.673820E+002,2.051684E+003,3.172027E+001,3.742992E+002,5.299342E+001,8.941499E+002,7.063126E+000,5.078981E-002,1.146801E+000
2,"KL",-2.829870E+001,8.276066E+000,6.704792E+000,3.099505E+001,8.411806E-001,9.330312E-001,6.730061E-001,8.870085E+000,1.229716E+001,7.186032E+000,9.962454E+000,3.321974E+001,4.605464E+001,9.015568E-001,1.249886E+000,6.857671E+000,1.716039E+002,1.350613E+002,3.067329E+001,3.078020E+001,3.161807E+001,3.897679E+001,9.634428E+000,9.631406E+000,3.703630E+002,-2.902310E+002,6.605940E+002,8.461548E+001,5.572364E+001,2.441718E+001,3.006135E+001,1.026524E-001,1.048558E+001,2.916709E+000,1.869166E+001,5.181515E+001,4.917500E+001,9.564000E-001,3.500000E-002,5.141677E+001,1.405000E+003,2.732571E+001,5.710000E-001,1.395000E+000,1.540000E-001,2.310000E+002,1.528000E+003,3.900000E+001,2.836875E+000,1.965492E-001,1.181928E+002,1.443341E+001,2.337394E+001,1.619433E+000,1.252070E+002,5.003576E+000,-8.398715E+000,6.971000E+000,"na",4.555620E+002,1.978182E+003,3.160640E+001,3.729555E+002,4.726356E+001,8.419780E+002,7.890974E+000,5.396784E-002,1.209775E+000
6,"KL",-4.949059E+000,3.530472E+000,2.303155E+000,3.199189E+001,1.146574E+000,4.938399E-001,8.075734E-001,7.149021E+000,4.371703E+000,4.663768E+000,2.851945E+000,6.478191E+001,3.961484E+001,2.321753E+000,1.419777E+000,1.548131E+001,3.310692E+002,2.373602E+002,3.483093E+001,3.933718E+001,2.329460E+001,2.581365E+001,4.458534E+001,4.697670E+001,4.202830E+002,-1.291511E+002,5.494341E+002,6.785383E+001,5.553320E+001,2.470998E+001,2.958237E+001,7.035882E-002,1.995552E+001,5.956924E+000,2.925978E+001,4.705868E+001,4.978000E+001,9.872000E-001,2.900000E-002,5.042545E+001,1.716552E+003,3.404138E+001,5.430000E-001,1.316000E+000,1.540000E-001,2.170000E+002,1.548000E+003,3.800000E+001,1.932713E+000,2.324366E-001,1.191668E+002,8.315011E+000,1.556718E+001,1.872178E+000,2.350898E+002,1.279628E+001,-1.311616E+001,6.856000E+000,"na",2.184485E+002,9.870960E+002,1.234339E+001,1.456520E+002,4.444715E+001,5.024378E+002,3.276970E+000,8.988095E-003,7.803959E-001
6,"KL",-2.948852E+000,4.989017E+000,4.567310E+000,3.815465E+001,1.894243E+000,1.179005E+000,1.077837E+000,4.231548E+000,4.628733E+000,3.873868E+000,4.237480E+000,3.236173E+001,3.539929E+001,1.606645E+000,1.757450E+000,1.130378E+001,4.958534E+002,1.251003E+002,3.129779E+001,3.939308E+001,3.371829E+001,4.285732E+001,,,3.247557E+002,-3.758200E+002,7.005757E+002,1.079403E+002,5.509709E+001,2.461340E+001,2.925258E+001,6.769636E-002,1.644511E+001,6.208270E+000,3.189833E+001,6.652388E+001,4.992000E+001,9.885000E-001,2.800000E-002,5.050076E+001,1.782857E+003,3.530357E+001,5.370000E-001,1.273000E+000,1.480000E-001,2.180000E+002,1.520000E+003,3.500000E+001,1.749183E+000,1.829036E-001,8.842710E+001,9.563414E+000,1.872388E+001,1.957865E+000,2.183808E+002,1.218886E+001,-1.046452E+001,6.843000E+000,"na",1.961121E+002,8.821913E+002,1.187834E+001,1.401645E+002,4.530499E+001,4.496352E+002,3.093797E+000,5.104307E-003,7.933295E-001
6,"KL",2.522349E+000,5.100822E+000,4.294880E+000,3.999741E+001,1.777192E+000,9.572158E-001,9.993575E-001,5.328811E+000,5.104101E+000,4.486846E+000,4.297641E+000,4.178516E+001,4.002312E+001,1.856626E+000,1.778334E+000,1.284887E+001,3.723298E+002,3.099208E+002,1.939169E+001,1.980609E+001,3.587242E+001,4.360991E+001,6.855851E+000,2.826851E+001,3.979633E+002,-1.022705E+002,5.002339E+002,5.441555E+001,5.014485E+001,2.219512E+001,2.682927E+001,7.605000E-002,1.748246E+001,1.225693E+001,2.534588E+001,6.736729E+001,5.004000E+001,9.734000E-001,2.800000E-002,5.140744E+001,1.787143E+003,3.476429E+001,5.440000E-001,1.306000E+000,1.480000E-001,2.130000E+002,1.465000E+003,3.500000E+001,2.020954E+000,2.507991E-001,1.155257E+002,8.058057E+000,1.672775E+001,2.075904E+000,2.466075E+002,1.346075E+001,-1.627863E+001,6.886000E+000,"na",2.640842E+002,1.195394E+003,1.362791E+001,1.608093E+002,6.504006E+001,6.353763E+002,2.472465E+000,4.340504E-003,7.097612E-001
6,"KL",2.719898E+000,4.552068E+000,5.125369E+000,3.829973E+001,2.397544E+000,1.291366E+000,1.242515E+000,3.525003E+000,3.663593E+000,3.968952E+000,4.124996E+000,2.965831E+001,3.082436E+001,1.856596E+000,1.929590E+000,1.497238E+001,4.492625E+002,3.205426E+002,2.612256E+001,3.016780E+001,4.095063E+001,4.010091E+001,,,2.865053E+002,-2.416718E+002,5.281772E+002,6.723215E+001,5.509936E+001,2.492837E+001,2.893983E+001,5.072885E-002,1.776218E+001,5.449724E+000,1.946101E+001,8.335430E+001,5.001000E+001,9.739000E-001,2.900000E-002,5.135024E+001,1.724483E+003,3.358276E+001,5.430000E-001,1.299000E+000,1.510000E-001,2.080000E+002,1.541000E+003,3.500000E+001,2.204386E+000,2.436113E-001,1.427921E+002,9.048785E+000,1.487946E+001,1.644360E+000,2.398055E+002,1.159496E+001,-1.161694E+001,6.940000E+000,"na",2.365786E+002,1.060460E+003,1.149289E+001,1.356162E+002,5.767844E+001,5.676261E+002,2.351245E+000,3.218681E-003,6.982636E-001
6,"KL",-8.079884E-001,4.571671E+000,3.129418E+000,4.417313E+001,1.787046E+000,8.826809E-001,8.470479E-001,5.179302E+000,5.397181E+000,3.545356E+000,3.694500E+000,5.004428E+001,5.214951E+001,2.024566E+000,2.109734E+000,1.479300E+001,3.664671E+002,4.461282E+002,2.362396E+001,3.063838E+001,2.471264E+001,3.287204E+001,1.418825E+001,4.472166E+001,3.982041E+002,-1.915339E+002,5.897380E+002,6.668370E+001,5.405763E+001,2.538860E+001,2.746114E+001,5.574706E-002,1.905885E+001,5.147831E+000,2.718851E+001,5.258791E+001,4.899000E+001,9.626000E-001,3.000000E-002,5.089341E+001,1.633000E+003,3.208667E+001,5.340000E-001,1.260000E+000,1.530000E-001,2.510000E+002,1.549000E+003,5.400000E+001,2.356358E+000,2.356309E-001,8.361929E+001,1.000021E+001,2.655062E+001,2.655006E+000,2.382168E+002,1.104041E+001,-1.316627E+001,6.881000E+000,"na",3.038807E+002,1.368584E+003,1.450959E+001,1.712132E+002,7.954584E+001,7.358643E+002,2.152384E+000,2.927383E-003,6.754951E-001
2,"OS",-8.864746E+000,1.437944E+001,7.151017E+000,3.065004E+001,1.679783E+000,9.432081E-001,8.861921E-001,1.524524E+001,1.622609E+001,7.581590E+000,8.069376E+000,3.249552E+001,3.458623E+001,1.780925E+000,1.895506E+000,1.047710E+001,1.416860E+002,4.164810E+002,2.146762E+001,2.078616E+001,3.990019E+001,3.968721E+001,4.893772E+001,4.072162E+001,5.788179E+002,-3.339170E+002,9.127349E+002,8.113236E+001,4.697099E+001,2.507553E+001,2.084592E+001,1.994589E-001,7.893157E+000,1.949788E+000,1.162162E+002,3.013312E+001,4.851500E+001,7.830000E-001,5.300000E-002,6.196041E+001,9.153774E+002,1.477358E+001,1.980000E-001,1.663000E+000,2.010000E-001,4.610000E+002,7.610000E+002,3.500000E+001,2.605616E+000,1.752997E-001,1.142152E+002,1.486378E+001,2.223790E+001,1.496113E+000,1.630808E+002,6.538933E+000,-3.304012E+000,7.059000E+000,"na",3.719840E+002,1.586075E+003,2.191119E+001,2.585520E+002,5.098601E+001,6.647467E+002,5.071038E+000,4.973658E-002,1.254511E+000
2,"OS",6.239427E-001,1.159799E+001,6.660755E+000,3.752793E+001,1.884624E+000,7.939827E-001,7.284596E-001,1.460736E+001,1.592126E+001,8.389043E+000,9.143616E+000,4.726542E+001,5.151683E+001,2.373634E+000,2.587136E+000,1.005823E+001,7.966913E+001,1.990572E+002,4.491125E+001,5.435685E+001,5.936308E+001,6.070933E+001,7.319974E+001,9.270015E+001,4.159619E+002,-1.275836E+002,5.435455E+002,5.013246E+001,4.837828E+001,2.364865E+001,2.364865E+001,1.701853E-001,1.030022E+001,2.692853E+000,1.340243E+002,3.623028E+001,4.928333E+001,8.165667E-001,5.200000E-002,6.035433E+001,9.477564E+002,1.570321E+001,1.990000E-001,1.716000E+000,2.030000E-001,4.620000E+002,7.690000E+002,4.000000E+001,2.804109E+000,2.190750E-001,1.511612E+002,1.279977E+001,1.809818E+001,1.413946E+000,2.421359E+002,9.623937E+000,-3.369135E+000,7.007000E+000,"na",4.666594E+002,2.012591E+003,2.774835E+001,3.274305E+002,7.708212E+001,8.325240E+002,4.247814E+000,7.468559E-002,1.274873E+000
2,"OS",-2.106255E+000,1.095132E+001,5.930046E+000,3.181317E+001,1.590793E+000,9.096481E-001,8.943856E-001,1.203907E+001,1.224452E+001,6.519055E+000,6.630301E+000,3.497304E+001,3.556985E+001,1.748801E+000,1.778644E+000,9.708696E+000,2.485927E+002,4.299976E+002,9.811176E+000,7.905444E+000,4.146463E+001,6.311397E+001,7.380768E+001,1.584172E+002,,-3.560988E+002,3.395506E+002,5.621129E+001,3.409517E+001,2.333333E+001,1.000000E+001,1.673186E-001,1.016125E+001,2.797102E+000,1.178441E+002,4.916700E+001,4.805000E+001,8.074500E-001,5.600000E-002,5.950833E+001,8.580357E+002,1.441875E+001,2.010000E-001,1.660000E+000,2.060000E-001,5.370000E+002,7.870000E+002,4.100000E+001,2.914375E+000,2.049996E-001,1.767254E+002,1.421649E+001,1.615568E+001,1.136404E+000,2.011086E+002,8.685210E+000,-4.273140E+000,6.960000E+000,"na",3.806422E+002,1.679483E+003,2.555509E+001,3.015501E+002,5.714823E+001,6.924194E+002,5.276630E+000,6.625683E-002,1.293001E+000
2,"OS",-3.929077E+000,8.694776E+000,5.668049E+000,3.149703E+001,2.508954E+000,1.454703E+000,1.077217E+000,5.977012E+000,8.071520E+000,3.896362E+000,5.261753E+000,2.165186E+001,2.923927E+001,1.724719E+000,2.329108E+000,8.028550E+000,1.018542E+002,3.085017E+002,1.591606E+001,1.605127E+001,3.294111E+001,4.120644E+001,5.817471E+001,1.171762E+002,5.090290E+002,-3.121292E+002,8.211582E+002,6.252495E+001,3.669565E+001,2.033898E+001,1.553672E+001,,9.727982E+000,2.169457E+000,1.103278E+002,3.783565E+001,4.730500E+001,7.765000E-001,5.300000E-002,6.092080E+001,8.925472E+002,1.465094E+001,2.030000E-001,1.711000E+000,2.140000E-001,5.800000E+002,7.630000E+002,4.300000E+001,2.964234E+000,2.040966E-001,1.381892E+002,1.452368E+001,2.093340E+001,1.441329E+000,2.008197E+002,8.215008E+000,-3.682431E+000,7.101000E+000,"na",4.173641E+002,1.833531E+003,2.748410E+001,3.243124E+002,7.135163E+001,7.599814E+002,4.545269E+000,9.554049E-002,1.273004E+000
2,"OS",-3.319072E+000,6.495281E+000,5.542132E+000,2.493083E+001,1.507119E+000,7.626812E-001,6.043391E-001,8.516377E+000,1.074774E+001,7.266643E+000,9.170566E+000,3.268840E+001,4.125304E+001,1.976080E+000,2.493830E+000,8.640612E+000,2.421205E+002,3.241273E+002,1.797288E+001,1.719880E+001,3.749983E+001,4.593672E+001,4.267571E+001,4.071933E+001,5.228085E+002,-2.157421E+002,7.385505E+002,6.580195E+001,,,,1.721552E-001,8.607333E+000,2.333166E+000,1.276465E+002,,4.792500E+001,7.920500E-001,5.000000E-002,6.050754E+001,9.585000E+002,1.584100E+001,1.990000E-001,1.593000E+000,1.990000E-001,4.660000E+002,7.580000E+002,4.100000E+001,2.970762E+000,1.867156E-001,1.472346E+002,1.591063E+001,1.975112E+001,1.241379E+000,1.662962E+002,7.262038E+000,-3.678461E+000,6.895000E+000,"na",4.497230E+002,1.929922E+003,2.950779E+001,3.481920E+002,7.484784E+001,7.940929E+002,4.651998E+000,4.120876E-002,1.282608E+000
6,"OS",3.690782E+000,2.986049E+000,1.805396E+000,2.986808E+001,1.824783E+000,5.668900E-001,7.414763E-001,5.267423E+000,4.027167E+000,3.184738E+000,2.434867E+000,5.268760E+001,4.028190E+001,3.218936E+000,2.461013E+000,5.657139E+000,3.031313E+002,1.922974E+002,5.662930E+000,5.121372E+000,2.859640E+001,2.879341E+001,3.557273E+001,1.442998E+000,4.074756E+002,-1.135028E+002,5.209784E+002,2.805572E+001,4.411833E+001,2.385542E+001,1.927711E+001,7.683582E-003,9.758918E+000,3.466935E+000,1.384882E+002,2.511355E+001,4.755000E+001,8.162000E-001,5.300000E-002,5.825778E+001,8.971698E+002,1.540000E+001,2.110000E-001,1.705000E+000,2.110000E-001,5.070000E+002,7.940000E+002,3.600000E+001,3.220921E+000,3.727506E-001,1.666148E+002,8.640955E+000,1.871591E+001,2.165954E+000,1.579617E+002,4.657805E+000,-8.568048E+000,6.845000E+000,"na",1.862484E+002,8.225918E+002,1.306551E+001,1.541730E+002,4.675046E+001,3.723988E+002,3.297786E+000,1.381746E-002,1.032497E+000
6,"OS",6.446969E-001,2.626337E+000,1.949907E+000,2.998698E+001,1.808847E+000,5.434121E-001,6.816209E-001,4.833049E+000,3.853076E+000,3.588265E+000,2.860691E+000,5.518276E+001,4.399363E+001,3.328684E+000,2.653744E+000,5.342695E+000,2.322107E+002,2.369046E+002,5.880522E+000,3.489390E+000,1.346180E+001,1.518458E+001,3.759586E+001,1.442998E+001,2.141044E+002,-6.459296E+001,2.786973E+002,2.329272E+001,3.183721E+001,1.920530E+001,1.192053E+001,1.466609E-001,9.459699E+000,2.869187E+000,1.116471E+002,4.137123E+001,4.778000E+001,7.845000E-001,5.300000E-002,6.090504E+001,9.015094E+002,1.480189E+001,2.030000E-001,1.717000E+000,2.050000E-001,4.600000E+002,8.010000E+002,3.800000E+001,3.115113E+000,3.060276E-001,1.705537E+002,1.017919E+001,1.771834E+001,1.740643E+000,1.381327E+002,4.906635E+000,-7.422251E+000,6.731000E+000,"na",1.884426E+002,8.517368E+002,1.161129E+001,1.370132E+002,5.835086E+001,4.250831E+002,2.348092E+000,9.579807E-003,8.570434E-001
6,"OS",-3.470103E+000,2.417531E+000,1.834284E+000,3.124913E+001,1.968347E+000,5.892148E-001,7.355559E-001,4.102971E+000,3.286672E+000,3.113099E+000,2.493739E+000,5.303522E+001,4.248370E+001,3.340627E+000,2.675999E+000,6.094090E+000,2.197104E+002,1.764951E+002,8.442063E+000,1.092242E+001,1.990546E+001,2.622463E+001,4.467738E+001,3.757860E+001,3.280513E+002,-5.314726E+001,3.811986E+002,2.235995E+001,4.145792E+001,1.960133E+001,2.093023E+001,1.228909E-001,1.113452E+001,3.232373E+000,9.194769E+001,3.462899E+001,4.837000E+001,8.531000E-001,5.600000E-002,5.669910E+001,8.637500E+002,1.523393E+001,3.650000E-001,1.477000E+000,1.810000E-001,3.280000E+002,1.490000E+003,3.900000E+001,2.398929E+000,2.980289E-001,1.398003E+002,8.049320E+000,1.655437E+001,2.056618E+000,1.406475E+002,5.286160E+000,-9.080736E+000,6.765000E+000,"na",2.277663E+002,1.021103E+003,1.635345E+001,1.929708E+002,5.574116E+001,4.785181E+002,3.461908E+000,3.805303E-003,9.830712E-001
6,"OS",-9.067194E-001,3.175534E+000,2.496363E+000,3.117809E+001,2.415403E+000,8.528449E-001,1.066056E+000,3.723460E+000,2.978767E+000,2.927101E+000,2.341680E+000,3.655775E+001,2.924619E+001,2.832171E+000,2.265736E+000,6.081006E+000,2.771500E+002,2.923543E+002,7.369492E+000,5.472195E+000,1.473667E+001,1.145953E+001,3.141655E+001,1.442998E+000,1.604313E+002,-3.509931E+001,1.955306E+002,1.543241E+001,3.643921E+001,1.750000E+001,1.812500E+001,,1.104483E+001,3.339058E+000,1.026272E+002,2.741465E+001,4.843000E+001,8.282000E-001,5.000000E-002,5.847621E+001,9.686000E+002,1.656400E+001,2.180000E-001,1.688000E+000,2.080000E-001,4.840000E+002,7.560000E+002,3.700000E+001,2.511428E+000,2.970680E-001,1.505175E+002,8.454050E+000,1.612324E+001,1.907162E+000,1.575286E+002,5.504846E+000,-8.879046E+000,6.840000E+000,"na",2.985927E+002,1.339017E+003,1.741391E+001,2.054842E+002,7.840340E+001,6.595795E+002,2.620858E+000,3.137503E-003,8.918615E-001
6,"OS",-1.588986E+000,4.178533E+000,2.642279E+000,3.185303E+001,1.649054E+000,6.826218E-001,8.464513E-001,6.121300E+000,4.936531E+000,3.870780E+000,3.121596E+000,4.666278E+001,3.763126E+001,2.415766E+000,1.948198E+000,5.701327E+000,2.754980E+002,1.198429E+002,1.051758E+001,1.211228E+001,,,3.119857E+001,1.442998E+000,2.316782E+002,-4.921943E+001,2.808976E+002,2.035970E+001,4.314413E+001,2.109005E+001,2.109005E+001,1.526400E-001,1.085102E+001,4.106297E+000,1.135444E+002,3.294062E+001,4.668000E+001,8.641000E-001,4.800000E-002,5.402153E+001,9.725000E+002,1.800208E+001,2.090000E-001,1.755000E+000,2.030000E-001,4.480000E+002,7.700000E+002,3.700000E+001,2.461411E+000,2.710412E-001,1.502735E+002,9.081316E+000,1.583949E+001,1.744185E+000,1.601070E+002,7.205664E+000,-7.751657E+000,6.753000E+000,"na",2.667660E+002,1.190984E+003,1.524008E+001,1.798329E+002,7.083842E+001,5.830684E+002,2.538635E+000,7.766100E-003,8.876630E-001
2,"SW",-4.775919E+000,2.789714E+001,1.743662E+001,3.451757E+001,2.135669E+000,2.031513E+000,2.076078E+000,1.373220E+001,1.343742E+001,8.583073E+000,8.398825E+000,1.699107E+001,1.662633E+001,1.051270E+000,1.028703E+000,1.506523E+001,1.962217E+002,4.686344E+002,7.957764E+001,1.054964E+002,6.300763E+001,7.586946E+001,1.105142E+002,1.574939E+002,1.102145E+003,-6.820852E+002,1.784230E+003,1.715741E+002,3.548681E+001,1.929499E+001,1.539889E+001,8.441194E-002,2.133936E+001,4.427259E+000,1.379762E+002,3.683061E+001,4.843500E+001,1.205500E+000,7.100000E-002,4.017835E+001,6.821831E+002,1.697887E+001,5.520000E-001,1.333000E+000,1.600000E-001,2.080000E+002,2.259000E+003,4.400000E+001,5.701549E+000,2.748952E-001,1.529241E+002,2.074081E+001,3.646552E+001,1.758154E+000,5.150981E+002,2.071747E+001,-5.049158E+000,7.052000E+000,"na",4.644078E+002,1.988845E+003,2.142158E+001,2.527747E+002,7.064675E+001,1.024740E+003,3.578009E+000,5.221260E-002,7.888361E-001
2,"SW",-2.037948E+000,2.170769E+001,1.816547E+001,3.829827E+001,2.307975E+000,1.867147E+000,1.632997E+000,1.162613E+001,1.329316E+001,9.728999E+000,1.112401E+001,2.051165E+001,2.345275E+001,1.236098E+000,1.413338E+000,1.294926E+001,2.137189E+002,4.165237E+002,7.627739E+001,8.820213E+001,9.355382E+001,1.254360E+002,9.378492E+001,1.033072E+002,6.366732E+002,-2.818064E+002,9.184796E+002,7.782828E+001,3.690480E+001,2.004454E+001,1.603563E+001,8.753089E-002,1.873823E+001,3.763185E+000,1.235680E+002,,4.903500E+001,1.197000E+000,6.900000E-002,4.096491E+001,7.106522E+002,1.734783E+001,5.550000E-001,1.320000E+000,1.580000E-001,1.870000E+002,2.252000E+003,4.800000E+001,5.087473E+000,2.828772E-001,1.677470E+002,1.798474E+001,2.967544E+001,1.650034E+000,5.477986E+002,2.064912E+001,-1.852293E+000,6.991000E+000,"na",4.732190E+002,1.985990E+003,2.704009E+001,3.190731E+002,4.549501E+001,8.871914E+002,7.013364E+000,4.773850E-002,1.014337E+000
2,"SW",2.570574E+000,1.929862E+001,1.551626E+001,4.010160E+001,2.083464E+000,1.969164E+000,1.621483E+000,9.800413E+000,1.190183E+001,7.879616E+000,9.569173E+000,2.036478E+001,2.473142E+001,1.058045E+000,1.284912E+000,1.284869E+001,1.379532E+002,3.828232E+002,6.451854E+001,7.094487E+001,9.334354E+001,1.248123E+002,6.908436E+001,4.436749E+001,1.309712E+003,-2.153089E+002,1.525021E+003,8.724925E+001,3.479984E+001,1.717011E+001,1.685215E+001,,1.925067E+001,4.549609E+000,1.623368E+002,4.076038E+001,4.898000E+001,1.234000E+000,7.200000E-002,3.969206E+001,6.802778E+002,1.713889E+001,5.610000E-001,1.309000E+000,1.540000E-001,2.070000E+002,2.320000E+003,4.700000E+001,5.059316E+000,2.763171E-001,1.474837E+002,1.830982E+001,3.345813E+001,1.827333E+000,6.197079E+002,2.350538E+001,-2.949018E-001,6.971000E+000,"na",5.549069E+002,2.347685E+003,2.834422E+001,3.344618E+002,7.521091E+001,1.175753E+003,4.446985E+000,5.488155E-002,8.476825E-001
2,"SW",-9.143428E-001,1.696907E+001,1.255603E+001,3.435078E+001,1.006526E+000,1.423812E+000,2.336381E+000,1.191805E+001,7.262971E+000,8.818599E+000,5.374135E+000,2.412592E+001,1.470256E+001,7.069236E-001,4.308057E-001,1.362698E+001,1.511269E+002,2.516611E+002,6.864259E+001,8.772578E+001,5.337850E+001,6.231985E+001,7.891607E+001,8.606056E+001,8.052249E+002,-5.624675E+002,1.367692E+003,1.697529E+002,3.706992E+001,2.147651E+001,1.476510E+001,1.190919E-001,1.556115E+001,3.696803E+000,2.071880E+002,5.380796E+001,4.902000E+001,1.229500E+000,6.700000E-002,3.986987E+001,7.316418E+002,1.835075E+001,5.530000E-001,1.292000E+000,1.710000E-001,2.270000E+002,2.177000E+003,4.800000E+001,5.148360E+000,2.172837E-001,1.153053E+002,2.369418E+001,4.340279E+001,1.831791E+000,5.269251E+002,1.983416E+001,5.762096E-001,6.955000E+000,"na",6.234550E+002,2.664763E+003,3.279485E+001,3.869792E+002,9.348296E+001,1.352989E+003,4.139569E+000,3.192006E-002,8.162506E-001
2,"SW",-8.548498E-001,1.130917E+001,1.243555E+001,2.873764E+001,1.344245E+000,8.721592E-001,6.018732E-001,1.296686E+001,1.878995E+001,1.425835E+001,2.066142E+001,3.295000E+001,4.774700E+001,1.541284E+000,2.233435E+000,1.462235E+001,2.498877E+002,3.739776E+002,3.198735E+001,3.470740E+001,3.978464E+001,4.406171E+001,,,2.234521E+003,-7.048910E+002,2.939412E+003,1.998364E+002,3.899390E+001,2.068966E+001,1.743295E+001,,1.744837E+001,4.329674E+000,1.549226E+002,4.642565E+001,4.829000E+001,1.181500E+000,7.200000E-002,4.087177E+001,6.706944E+002,1.640972E+001,5.390000E-001,1.340000E+000,1.650000E-001,2.430000E+002,2.347000E+003,5.900000E+001,3.536136E+000,3.485257E-001,1.365435E+002,1.014598E+001,2.528683E+001,2.492300E+000,4.408546E+002,1.733170E+001,-4.446336E+000,6.932000E+000,"na",5.515387E+002,2.366494E+003,3.395121E+001,4.006243E+002,4.959352E+001,1.111072E+003,8.078158E+000,4.605173E-002,9.615595E-001
6,"SW",8.293332E+000,1.091098E+001,6.365067E+000,3.931173E+001,1.994262E+000,2.526719E+000,2.606721E+000,4.318240E+000,4.185710E+000,2.519104E+000,2.441790E+000,1.555841E+001,1.508091E+001,7.892693E-001,7.650460E-001,2.116421E+001,6.741969E+002,4.722502E+002,,,6.266415E+001,7.956965E+001,5.625638E+001,5.300414E+001,2.675800E+002,-1.895874E+002,4.571674E+002,5.434682E+001,3.031595E+001,1.759036E+001,1.204819E+001,,4.277344E+001,7.480886E+000,1.197120E+002,6.670384E+001,4.917000E+001,1.081000E+000,6.900000E-002,4.548566E+001,7.126087E+002,1.566667E+001,5.530000E-001,1.347000E+000,1.640000E-001,2.020000E+002,2.354000E+003,4.600000E+001,7.149548E+000,6.008197E-001,2.571726E+002,1.189966E+001,2.719764E+001,2.285582E+000,4.274712E+002,1.810470E+001,-3.214962E+001,6.938000E+000,"na",3.608359E+002,1.634953E+003,2.303250E+001,2.717835E+002,5.589274E+001,8.131327E+002,4.862590E+000,7.612423E-003,8.210163E-001
6,"SW",4.212714E+000,9.889896E+000,6.940980E+000,3.820792E+001,2.090114E+000,2.282162E+000,2.152396E+000,4.333565E+000,4.594830E+000,3.041406E+000,3.224769E+000,1.674199E+001,1.775134E+001,9.158484E-001,9.710639E-001,1.184067E+001,3.870626E+002,2.169859E+002,3.481990E+001,4.157126E+001,4.863382E+001,5.732901E+001,6.833085E+001,6.266080E+000,2.823917E+002,-1.634933E+002,4.458850E+002,3.828581E+001,3.281202E+001,1.720430E+001,1.487455E+001,1.399500E-001,2.910802E+001,6.877248E+000,1.284790E+002,8.485039E+001,4.916000E+001,1.257000E+000,7.400000E-002,3.910899E+001,6.643243E+002,1.698649E+001,5.930000E-001,1.269000E+000,1.750000E-001,2.140000E+002,2.473000E+003,4.800000E+001,5.817797E+000,5.379749E-001,2.369257E+002,1.081425E+001,2.400630E+001,2.219876E+000,3.901068E+002,1.537509E+001,-2.061018E+001,6.804000E+000,"na",2.785111E+002,1.260058E+003,1.406227E+001,1.659348E+002,7.292112E+001,6.849565E+002,2.275538E+000,6.956919E-003,6.533754E-001
6,"SW",2.462549E+000,7.630419E+000,7.039375E+000,3.532473E+001,2.208385E+000,2.425960E+000,2.499031E+000,3.145320E+000,3.053351E+000,2.901687E+000,2.816842E+000,1.456114E+001,1.413537E+001,9.103139E-001,8.836964E-001,1.393391E+001,7.816503E+002,4.106726E+002,5.385575E+001,7.185711E+001,5.400600E+001,6.579665E+001,7.923974E+001,8.681036E+001,2.900473E+002,-1.501580E+002,4.402053E+002,3.567867E+001,3.283239E+001,1.810700E+001,1.399177E+001,4.600216E-002,2.628076E+001,7.320726E+000,1.049767E+002,7.284069E+001,4.935000E+001,1.323000E+000,6.500000E-002,3.730159E+001,7.592308E+002,2.035385E+001,5.220000E-001,1.271000E+000,1.560000E-001,1.860000E+002,2.098000E+003,4.500000E+001,5.615193E+000,5.342106E-001,2.377553E+002,1.051120E+001,2.310907E+001,2.198519E+000,3.201659E+002,1.204747E+001,-2.155402E+001,6.885000E+000,"na",9.648149E+001,4.384430E+002,6.233306E+000,7.355301E+001,1.966652E+001,2.176768E+002,3.740012E+000,7.278709E-003,8.067548E-001
6,"SW",4.903860E+000,8.333626E+000,8.255449E+000,4.535843E+001,1.761281E+000,1.709035E+000,2.196438E+000,4.876217E+000,3.794155E+000,4.830474E+000,3.758562E+000,2.654037E+001,2.065090E+001,1.030571E+000,8.018808E-001,1.761273E+001,4.083045E+002,3.726073E+002,5.059114E+001,6.436052E+001,4.588766E+001,4.569670E+001,7.074038E+001,9.024532E+001,2.840057E+002,-1.698162E+002,4.538218E+002,4.240847E+001,3.547834E+001,1.764706E+001,1.703854E+001,7.138655E-002,3.233663E+001,7.154509E+000,1.066209E+002,1.171674E+002,4.924000E+001,1.250000E+000,7.000000E-002,3.939200E+001,7.034286E+002,1.785714E+001,5.520000E-001,1.285000E+000,1.650000E-001,2.060000E+002,2.267000E+003,4.400000E+001,6.568403E+000,6.106315E-001,2.637953E+002,1.075674E+001,2.439328E+001,2.267721E+000,3.964988E+002,1.422239E+001,-2.526875E+001,6.791000E+000,"na",,,,,,,,,
6,"SW",5.922121E+000,8.580159E+000,6.453778E+000,3.367861E+001,1.360408E+000,2.320939E+000,2.072392E+000,3.696849E+000,4.140220E+000,2.780676E+000,3.114169E+000,1.451077E+001,1.625108E+001,5.861455E-001,6.564433E-001,1.789010E+001,2.781286E+002,4.244466E+002,6.828857E+001,8.982112E+001,5.502830E+001,6.087797E+001,8.186568E+001,1.117204E+002,9.770708E+002,-4.377453E+002,1.414816E+003,1.102796E+002,4.357134E+001,1.997207E+001,2.262570E+001,6.917023E-002,3.415361E+001,7.252622E+000,1.445861E+002,8.621959E+001,4.927000E+001,1.321000E+000,6.800000E-002,3.729750E+001,7.245588E+002,1.942647E+001,5.540000E-001,1.398000E+000,1.650000E-001,2.090000E+002,2.204000E+003,4.400000E+001,4.285503E+000,4.721857E-001,1.952061E+002,9.075885E+000,2.135232E+001,2.352643E+000,4.387333E+002,1.511868E+001,-2.628756E+001,6.853000E+000,"na",3.823516E+002,1.749669E+003,1.610476E+001,1.900361E+002,6.294497E+001,9.572326E+002,3.019084E+000,8.029481E-003,6.585057E-001
