3.19,5.34,5.44,6,6.07,6.33,6.67,6.76,7.06,7.7,7.79,8.78,9.33,9.81,9.98,10.11,10.35,10.72,11.09,11.4,11.63,11.72,12.07,12.4,12.62,12.82,13.26,14.07,14.19,14.34,14.45,14.78,14.9,15.4,15.83,16.55,16.82,16.97,17.12,17.36,17.74,17.87,18.27,18.92,19,20.2,20.4,20.51,20.96,21.02,21.14,21.47,21.64,21.96,22.15,22.23,22.49,22.73,22.87,23.21,23.24,23.36,23.91,24.07,24.53,24.71,25.2,25.26,26.06,26.12,26.24,26.56,26.96,26.81,26.89,26.99,27.12,27.37,27.41,27.68,27.84,28.3,28.43,28.51,28.59,28.93,29.03,29.68,29.88,30.2,30.47,30.63,30.85,30.91,31.33,32.05,33.68,34.08,36.92
E1-AK-0-A,5.597375734,5.276132316,2.556624174,2.078443742,2.365800365,14.79520754,6.351351944,0.413034433,78.86178117,0.25622891,1.911538501,1.062157881,10.05460165,10.22759008,1.734832791,3.813701357,4.415980949,2.000406982,2.241082988,3.57574828,31.03571588,1.838022609,11.15941432,0.372922947,1.624255465,2.983744661,14.56010185,6.354774424,1.244018216,6.064880535,0.836800247,3.228062224,2.920291177,2.717261628,23.77571548,18.58341901,23.18487949,1.390600534,1.430361507,2.7171195,3.690285399,22.88588426,1.618144526,5.932453755,7.655905029,9.609832063,1.7951661,30.71556772,0.834810686,10.28452448,21.19156998,3.330661165,1.310492039,30.32148498,60.78600003,1.706182114,1.908190959,4.166210537,24.69450022,9.582412833,0.184909087,14.84301279,93.67801405,4.679341234,3.240168885,0.809747592,7.36633487,2.655419198,15.66044857,5.01311783,1.696195333,23.47539249,61.37960173,4.620930866,0.411158288,2.864948824,6.636537926,10.10665929,12.2463982,5.521804907,2.065743224,74.3118577,11.99164195,2.51818728,4.025303579,1.301974328,4.894363126,13.34379569,1.106606652,2.084762025,1.956161769,1.013892723,2.979937773,0.539432706,13.2391667,6.783801551,4.630801004,0.496812429,1.993353486
E1-AK-0-B,4.663814583,2.822282345,2.382791685,1.775227783,2.232234011,13.32783338,4.649127502,0.385848706,99.49855727,0.232511811,1.423485331,1.00094622,5.239138231,10.34632092,0.871317925,2.723755374,4.033296978,1.842972282,2.435546356,2.250693576,28.99429347,1.914854079,8.673424244,0.498528255,1.43730428,3.232760693,14.72914992,5.813555821,1.114082882,6.849741297,0.709242838,2.165735438,2.922880773,3.317716689,20.5692442,20.03172729,25.43038653,1.498094481,1.451342256,2.256894716,4.033177732,19.50964407,1.585323591,8.942786401,8.190504614,11.22040242,1.530126909,36.53795573,0.784990766,10.00178706,20.43851064,3.249643126,1.519419778,30.35688905,64.78932249,1.912402513,1.923017453,4.174288829,21.3230481,8.706437304,0.198437169,13.51349702,94.1475499,4.828868897,3.020799669,1.097655447,7.090600748,2.893556185,15.49825208,6.545023424,2.207944508,47.72084793,52.66014838,4.350681192,0.335470097,1.668428338,7.220478714,7.279798854,10.72278965,5.738890648,2.26289709,65.50309358,11.95544996,1.800786566,4.48916261,0.964374686,4.834846717,6.982931439,1.712024687,1.840093681,3.020318248,1.396766262,2.122812835,0.375864756,11.39475159,6.002844671,3.883388743,0.532421266,1.707110767
E1-AK-0-C,6.404582945,2.78570526,2.405520786,1.889061731,2.078775843,12.85174489,4.695849075,0.386636555,105.5728487,0.242521157,1.576588387,1.041566868,4.369582279,11.58224711,1.325630003,2.817709717,4.037904173,1.902082171,2.654980425,2.296827356,25.76525276,1.953793402,8.602635572,0.619980695,1.378259643,3.112229696,13.02406762,6.119870231,1.182099328,5.738625447,0.779903815,2.427957501,3.05169576,3.413464522,19.34048102,20.68042202,25.14046297,1.799903081,1.502267166,2.338376097,4.490413207,19.0641086,1.567178183,5.701075845,7.23508157,11.3984714,1.462837542,27.00112153,0.770246052,10.51026824,19.63034902,3.082986536,1.467007886,31.94578465,65.69251343,1.81120871,2.060106184,3.960935674,21.33668603,8.37875097,0.241021456,11.46249513,101.4428253,4.716552546,2.830392656,1.035485407,7.355282308,3.089720502,13.87990236,5.931458522,2.186817857,55.92154351,51.98288338,4.706335912,0.357143693,1.961298516,5.913481829,7.306428935,8.608342893,5.121487297,2.204971062,66.52514796,12.23589095,1.84305924,3.416143381,1.073980357,5.265074058,7.508011427,0.986487556,1.929928306,3.957495471,1.055134404,2.200184668,0.335489698,11.91639727,5.815014902,3.883514952,0.522554299,1.817374956
E1-AK-0-D,5.241190226,2.758366045,2.38061675,1.886163702,2.145484457,12.48287076,4.819908241,0.360267873,96.81817134,0.25205697,1.452187404,1.020763625,6.918277975,9.818421876,1.191541016,3.185360115,4.194233609,1.853296234,2.169909429,2.557196166,28.91544504,1.726320931,9.287059093,0.531544199,1.439578475,2.934523339,15.08319925,5.779192274,1.13409241,6.564994691,0.745237507,2.366377194,2.804052052,2.616678724,20.85586395,18.16592584,24.01378702,1.35925418,1.548916788,2.18875462,3.750185175,20.5711197,1.544189508,8.969062706,8.401147516,10.11488895,1.555892427,39.20809238,0.7515745,10.35181723,20.26297896,3.125703907,1.465626661,29.10355006,64.53400832,1.826991938,1.963869614,3.879111358,23.39763946,8.967663327,0.197718495,14.84433635,96.05965173,4.433195553,3.14446921,1.01124596,7.100315035,2.984787859,14.69221049,6.09638442,2.291091973,39.04903638,52.37864516,4.920575782,0.402086737,1.737678837,7.355454621,7.195529148,11.91948682,5.280770288,2.285058227,71.94651467,10.63694969,1.707737314,4.459981445,0.895685345,5.037964345,6.443219995,0.626163935,1.998406817,4.073010332,1.521163804,2.00003635,0.278573725,12.58777807,6.374570012,4.312708897,0.544501449,1.863109641
E1-AK-2-A,6.305066723,2.233670043,2.753026303,2.961134781,3.670936009,3.157720693,4.548402392,0.262150014,58.01635415,0.238455077,0.697855357,1.019137701,8.137662073,10.12417036,0.750189856,6.329803506,6.144284747,1.913426804,1.515669639,4.567130421,45.96165446,1.50803093,14.87328575,0.08472265,1.310032972,2.585491481,14.67863888,7.515516136,1.03562395,8.316806533,0.737215893,1.261596718,3.264476427,2.234763467,37.38390066,21.65029586,25.37245045,0.743600335,1.464632883,0.978461758,4.258104868,26.31594902,1.749146371,2.913504566,6.143751236,13.01696211,3.039970849,38.65161848,1.186776287,10.8893737,26.39093073,5.781833941,1.327081257,21.44713816,78.80722794,2.540929196,1.664925367,3.270330328,15.24482744,4.340894968,0.256985177,21.58342525,97.56876328,8.177284482,4.034987571,1.474545526,5.816505835,2.679665061,14.00676165,9.684991498,1.395260065,35.49443027,43.37903237,6.069145263,0.580445931,0.522100963,7.912250576,2.695371825,9.519864578,4.648194082,1.770365089,77.07277441,10.5330105,0.69070987,5.633721909,0.463817134,5.457070006,3.797408404,0.151436219,2.166476374,1.625749299,2.182377631,1.309541686,0.04256957,11.99709045,4.926691177,3.537936413,0.406468246,1.446052705
E1-AK-2-B,5.825697167,2.378901918,2.035901497,1.773205907,2.418865061,9.336460318,4.49026436,0.282717661,100.2880329,0.188248584,1.267867329,0.83554542,4.601226293,10.49945234,0.999679514,3.201505823,4.065746389,1.513366345,2.38643625,2.662623601,28.64869228,1.866241535,9.938968765,0.418742196,1.139520099,3.256382206,14.68241366,5.085705521,0.607474585,5.881338062,0.621062938,2.443889185,3.562677404,3.160337227,21.22104528,19.87433424,24.42423088,1.332682039,1.524066759,2.277555077,3.983334184,21.93801602,1.52003729,8.684165878,9.020298138,11.26892878,1.752389108,39.30549114,0.804782073,10.0878659,19.760867,3.503546198,1.377988338,28.1157637,59.5111504,1.993023028,1.739654625,2.635111169,24.38532396,9.21101203,0.258626458,14.73768208,95.40963209,5.03945011,3.056133069,1.189946688,6.826675103,2.723810176,14.36055698,7.223974861,2.466133652,53.30900943,42.91716929,5.551944379,0.471586666,1.451372197,7.402620217,6.379874842,11.74302548,5.342049067,2.06105999,72.66785305,9.624003931,1.424559254,4.812234419,0.789223407,5.612667794,5.388357712,0.791900823,2.055691695,4.228142066,1.648685139,1.780002873,0.219965515,12.68226179,6.123593585,4.174007027,0.583584376,1.853079106
E1-AK-2-C,4.947194865,2.026379231,2.668132044,2.073227534,2.528716079,5.44422004,4.430851201,0.385055715,82.22914693,0.193593357,0.986167196,0.913097339,5.180516705,11.74186283,0.986006112,4.124769849,4.903954879,1.642199908,2.473290433,3.17326746,33.59901777,1.890717516,11.18031342,0.195939839,1.183252106,3.210213119,14.63219622,6.342557309,0.768795999,7.850529286,0.623897032,1.767732965,3.505751632,4.307507509,25.78474064,25.73057312,27.79952208,1.401403391,1.454933758,1.645957992,4.971713696,24.31519722,1.567371322,4.965929643,7.970238083,15.39835156,2.076763563,40.47130921,1.050127385,9.100476549,25.33733566,4.942964,1.630203912,30.09948827,74.12782963,2.812218424,1.43543076,3.13217589,23.78188586,8.114719362,0.187620554,18.50112336,85.49625715,6.827690896,3.764305777,1.500820094,7.456296145,2.295187418,13.45156058,9.195641606,1.932372726,25.61221815,41.55250204,5.509376145,0.520456157,0.91570376,7.72516739,4.219811764,9.916327704,5.187979154,2.036972157,78.36587296,10.96020128,1.092349238,5.273981976,0.657420452,5.14703798,5.112454966,0.355350429,2.095548854,3.400662405,2.086069444,1.568044109,0.113516404,12.71506109,5.853367152,4.019124149,0.575027875,1.574586061
E1-AK-2-D,5.081501174,2.328990756,2.352692535,3.145319446,2.657559466,7.089566085,5.053705906,0.331417271,85.61646124,0.205227181,1.13847904,0.94585717,5.917743553,8.698804401,1.224972029,4.164759422,4.598241663,1.672550656,1.580050804,3.933690583,32.57589885,1.395717947,13.83592595,0.184996781,1.326302812,2.281863567,14.70544628,6.220676552,0.735728661,7.123159448,0.632150223,2.125297744,2.651445118,2.587736432,28.15269424,18.52499148,24.33025728,1.023986459,1.430172523,2.138221644,3.951145561,23.21451256,1.596924605,7.782645246,7.336666006,11.3886789,2.265596518,39.49512224,0.908405803,9.659715604,24.41787852,4.586890052,1.537968497,26.65244762,67.77601721,2.195175369,1.476938976,2.741428687,22.44813278,7.926444878,0.221764454,19.49922456,90.30887427,6.47920212,3.932897914,1.306944225,7.036911686,2.525417023,15.15259454,8.286779039,1.875085568,34.36895152,44.70097737,5.425082713,0.502089889,1.042659202,8.217633238,4.880004001,11.58418976,5.791408403,2.054320644,79.54710388,10.31939842,1.194351851,5.741168788,0.656877652,5.593129644,5.348228807,0.331284441,2.194304795,2.715920442,1.850310608,1.816353292,0.129013403,13.66801203,6.257063041,4.126986411,0.574370389,1.664113952
E1-AK-2-E,5.489209711,2.368829329,2.422327446,2.318501661,2.801901316,5.734350494,5.410414121,0.349613885,92.46415972,0.218228058,1.227734771,1.005641999,4.390256423,10.19024501,1.597420214,4.557207865,4.873152005,1.807018088,1.820614307,3.906692572,32.60496584,1.581756766,13.13022152,0.222006331,1.325582741,2.453851055,14.32519854,6.802753637,0.730928324,7.43659063,0.700747724,2.27247931,4.084214033,2.807982941,28.71914462,21.65532519,27.4617672,1.195147231,1.49821746,2.121817628,4.593897385,23.3487818,1.656118623,4.356221987,7.239738753,13.28472063,2.308609894,33.91172458,1.012169051,10.09791887,25.06326746,5.063853522,1.658870004,29.58267424,73.80654632,2.39787855,1.419916239,2.974915226,20.34154019,6.971739665,0.191523308,17.3575179,90.58344803,6.68628274,3.769985713,1.4729164,7.194227928,2.418929001,13.53300491,9.383117816,1.925534282,29.35221451,43.18509096,5.771806907,0.541721241,0.910392079,7.165651085,4.327627434,8.799166319,5.206202811,2.001216755,76.75819149,11.20515496,1.051155939,4.899493243,0.702583243,5.388185794,4.959362551,0.363407231,2.207315653,3.555161589,1.565511974,1.648241418,0.12171615,12.71636801,5.867960511,3.826836415,0.563844675,1.646610334
E1-AK-3-A,4.94622949,2.430102526,2.811786727,2.081951388,2.255634404,5.059872684,4.963552393,0.378051022,95.19367489,0.193645731,1.147005307,0.879728366,4.523165369,10.85294239,1.041932908,4.273234068,4.79873787,1.552451596,2.091712152,3.366270116,31.07864603,1.784040012,11.74759516,0.27174042,1.113813559,2.731630303,14.28119858,6.327463983,0.76698065,8.503093361,0.567415098,2.181173561,2.722880149,3.554656975,25.68945957,24.32590984,30.93610554,1.367896314,1.457034049,2.106396534,4.655682097,22.50212823,1.564172194,4.25073978,7.352208977,15.33207821,2.205049849,37.60248351,1.058494858,8.107531482,26.98851779,4.9205755,1.885013027,32.63837682,79.85056141,2.54108977,1.321768101,2.911518551,20.50321923,7.013479381,0.254861701,18.44227263,73.75552071,7.015899193,3.645269436,1.718284948,7.168018426,2.05792082,15.06927033,10.48069648,2.262070244,23.21108697,45.26789678,4.863053114,0.483857785,1.014920402,8.052935432,4.789087078,9.967505116,5.850984086,2.149421624,74.87911664,12.24468707,1.124047295,5.625549516,0.701423998,4.570256787,5.66033214,0.458124965,1.789259245,4.830649178,2.126219902,1.545323879,0.147427964,11.37835269,6.122238226,3.543799324,0.700890781,1.469967262
E1-AK-3-B,4.900384631,2.362494277,2.813289467,1.948621372,2.181188377,5.800821668,4.967954425,0.407485311,94.77061104,0.203435618,1.270109207,0.870960239,2.888942665,11.33547437,1.393109075,3.142933009,4.414634754,1.52712197,2.242497673,2.61867836,30.65971406,1.767995205,10.15624341,0.319781845,1.153526706,2.713999852,15.31276506,5.797464282,0.660608336,7.175030724,0.561665512,2.299442851,2.755413955,4.194224942,26.38711881,25.89531646,31.89416848,1.574503661,1.572255823,2.360357713,5.046068302,23.96771779,1.638743785,3.553271935,9.030219794,15.52219823,1.986547458,29.53043929,0.949954235,8.099497382,24.34741602,4.680289501,1.970050225,34.49937811,76.99634129,2.644537569,1.30656661,2.770182395,24.39262985,8.839868798,0.242601962,18.34659182,72.5123196,6.50828953,3.686615871,1.703542998,6.951203907,2.096453674,14.42427174,10.04333501,2.545827534,28.22532723,45.77163845,4.86835999,0.466935551,1.223149862,7.450801296,5.767464566,10.37708492,5.372467413,2.185670763,79.19308305,10.91566546,1.236989679,4.815696965,0.867597689,4.783593077,6.445650057,0.627484342,1.76795477,4.414099113,1.27690925,1.621184843,0.199490756,10.83038221,5.871385879,3.291055812,0.624759238,1.402800352
E1-AK-3-C,4.856332145,2.223662138,2.226159649,1.978093024,2.321501058,8.711081716,4.313945986,0.397412913,98.24073202,0.202929032,1.320093603,0.826722787,3.492053786,12.31219324,0.919924795,3.196967068,4.270384602,1.478236618,2.981136982,2.431328074,30.8405917,2.170505072,9.898744867,0.483077823,1.101377391,3.728515415,15.82218974,5.321605936,0.703768291,6.423474106,0.530316906,2.36296729,2.569203366,5.116170075,23.98551289,26.1909256,24.92980636,1.641966441,1.632564548,2.410065436,4.724074731,22.91596707,1.642818242,4.733988641,9.631688551,14.88872284,1.827449238,31.6918529,0.936705847,8.791592597,20.12422253,4.191741352,1.662994473,30.49248152,63.05065919,2.586816417,1.515557044,2.289573502,23.89671071,9.534389783,0.271703752,15.18026617,84.06563304,6.28363161,3.315643132,1.600061566,6.523433478,2.436268133,14.43036627,9.324641986,2.498274167,52.75774575,43.97094443,4.774830318,0.417981012,1.442863619,7.869189636,6.406511926,10.8352228,5.532224716,2.385609891,68.38197119,9.874042209,1.414918885,4.999102268,0.82034556,5.206531129,6.442594986,0.73647019,1.766462788,4.126784263,1.65507494,1.593015042,0.265934187,11.45484931,5.656452989,3.503022972,0.610211865,1.474920173
E1-AK-3-D,4.958496351,2.524654614,2.651772042,2.497218246,2.654654294,4.171225913,5.677853855,0.330907198,81.93856429,0.212677172,1.132718042,0.932640613,5.196479921,10.94758855,0.916429009,4.77164887,5.228018565,1.633348726,2.04127397,4.111074315,38.41611134,1.878305384,13.48085841,0.153451437,1.234591326,2.993087084,15.96409156,6.847970809,0.885325372,8.730882139,0.615344274,2.235044321,2.598629538,2.642643321,29.98875901,21.01700068,28.96654256,1.082719365,1.502328192,2.034979189,4.421529131,23.09485161,1.647486527,3.356991536,6.604957105,13.52987367,2.617729449,36.1112366,1.043969937,8.424056313,27.57769009,5.106705544,1.708027673,29.42457448,81.17772934,2.318100386,1.407153359,2.784084135,18.6313712,6.197004157,0.257345093,19.95621517,77.23667743,6.640219379,3.833159398,1.48662117,6.685582927,2.177986182,14.38951094,9.203247555,1.738035894,35.06033915,44.53062236,4.974362178,0.480551194,0.754307445,7.755342042,3.970453051,9.206649851,5.430568334,1.91788507,78.63812544,11.64452016,0.925862469,5.259591674,0.571663384,4.969322596,5.07229509,0.229472268,1.707969376,2.999817023,2.044680289,1.464160114,0.107744933,10.68973731,5.974906783,3.230509739,0.552438807,1.248468633
E1-AK-3-E,7.5244007,2.59314215,2.958011796,2.514117844,2.743789326,5.235263752,6.499592418,0.346956189,105.7539484,0.256400691,1.388111898,1.015547577,4.147839412,11.51082295,2.08112889,5.390134714,5.416885793,1.797812453,2.010523654,4.967044161,31.00492171,1.790461647,16.23230199,0.237144542,1.327072047,2.6636914,13.56461095,6.8561763,0.878765185,7.730623812,0.665261579,2.767589914,2.906707628,2.53943683,29.11075249,22.3241643,29.8510004,1.252672174,1.47643883,3.362186573,4.865186104,24.34497286,1.666659336,3.136467833,6.855976103,14.1602352,2.411696836,31.30775857,1.228138184,8.55024155,25.64226689,5.556251194,1.812289927,30.47548518,78.1978642,2.336429094,1.5338749,2.50697002,15.88768041,5.446169033,0.275870295,15.95903006,76.20752627,7.089563778,3.496752701,1.664159695,6.094548563,2.150980395,13.03680006,10.1237867,1.846158838,35.48631054,41.33800617,5.086240749,0.469184644,0.825362226,7.072969219,3.968133641,7.448969093,5.029372133,1.988898574,71.00630172,11.64592166,1.01223397,4.652476162,0.666174288,5.138883534,4.905476009,0.314000219,1.804137582,4.098027102,1.461311697,1.49068654,0.119627291,11.42680725,5.362330758,3.505858379,0.570936618,1.544116384
E1-AK-4-A,5.188886032,2.163504794,3.669906962,3.026398085,2.549555453,3.141452886,5.354188452,0.334278287,72.22716942,0.221815049,0.836244446,0.944065917,6.753332196,8.920466667,0.722680412,5.644457776,5.433882907,1.682660295,1.132948415,4.971728395,35.23264004,1.214720228,15.59072385,0.0810903,1.258359177,1.76942898,12.09139353,7.938169078,1.181531863,10.90270963,0.59621616,1.742524485,3.573493395,1.895620194,36.98967422,18.80910116,30.47744353,0.736070843,1.344929725,1.447770597,4.190831074,20.1751499,1.553837971,3.567964878,4.48266327,13.38800815,3.297468154,40.12844218,1.15552219,8.257153373,33.47899136,5.946416726,1.635576685,27.23560742,102.4849132,2.3630835,1.252428348,3.182758911,12.9395576,3.72051447,0.415062252,22.68815603,75.06234656,7.94669655,4.015535361,1.654058954,6.487607749,2.1852625,14.2229057,10.23725132,1.446904886,20.65181066,43.95144807,5.101170019,0.58786001,0.503559626,7.344172036,2.588850482,7.225768456,5.693777202,1.863188334,79.90433958,14.97281044,0.750239165,6.090628759,0.491472338,4.97524271,4.601039572,0.148764193,1.890849317,2.688029783,2.295512318,1.425003686,0.060466277,12.61902415,5.107683366,3.729704552,0.566520583,1.579153277
E1-AK-4-B,5.069007766,2.393413426,3.279441397,2.548858822,2.04989972,5.930906959,5.258895664,0.442980042,104.7085374,0.2059414,1.284263408,0.885499265,4.0834994,11.37076593,0.999515761,3.728276404,4.899557809,1.468887772,2.388221412,3.434107014,33.66695333,2.025433366,12.17136156,0.275979416,1.049288609,3.185127823,16.46338848,6.586501491,1.086187538,8.77468553,0.494792467,2.304076465,3.520965831,3.947907287,26.97365644,23.57740445,27.51562824,1.419876295,1.494786021,2.502153685,4.60685325,22.87022017,1.696750191,3.643820978,7.891532328,14.92774505,2.440807427,29.84169955,0.926532084,6.903045838,24.54406411,4.417927573,1.943860477,33.57719786,81.34397238,2.308566989,1.222110119,2.900555277,18.41443413,7.082109263,0.349407168,18.06846123,59.96775717,6.232661816,3.715896323,1.662891399,5.980100876,1.73738503,18.20400692,9.891768105,2.225556798,20.53816852,56.15177738,3.339502024,0.358649507,1.255414334,9.440366754,5.868440094,11.23314347,6.73243577,2.443235491,72.83485442,12.33712744,1.242464489,5.838692396,0.752993033,4.023507138,6.73048531,0.456884708,1.625368611,3.696122268,2.16208516,1.615652174,0.219526585,10.85288098,5.898639893,3.319124099,0.711371017,1.314757922
E1-AK-4-C,6.748506006,1.894821165,2.982885083,1.977881847,2.036998226,7.743169382,4.379560581,0.389056256,126.5371968,0.269521572,1.489824753,0.802439472,3.164794943,13.18073912,1.303870312,3.590844414,4.610937899,1.349365848,2.996135665,2.492542691,30.52042832,2.16145453,10.68188608,0.564201713,0.960563761,3.761961752,16.61188962,6.084246331,0.900111889,9.027138873,0.452628423,2.27014523,3.684430869,3.551124366,22.68427829,20.71452754,27.20863581,1.587716967,1.666046634,2.522675744,4.37519029,17.8342872,1.67047272,3.134774597,7.572638606,12.78147968,1.730097022,24.55363972,0.865971782,6.731382459,25.66942906,3.291487297,1.68093995,31.05299719,88.11870764,1.925645358,1.152572321,2.587237597,16.4569563,6.871465112,0.356425488,16.14977927,62.34717646,5.150179329,3.041763955,1.642098327,5.380448339,1.87369029,17.13486661,9.482711674,2.477418578,32.68435922,53.71437644,3.380007865,0.357545331,1.41313468,8.411542458,6.426056339,10.19449771,6.823199591,2.459148179,67.80163883,12.97260533,1.380615743,5.119966798,0.78172771,3.933900604,6.734892573,0.725853288,1.485948114,5.55323365,1.811711394,1.653805262,0.313106734,10.10986392,5.74293992,3.328852356,0.79336902,1.240985967
E1-AK-4-D,9.140242688,1.152614109,3.258001825,1.656856746,1.861380985,8.800069366,3.777716249,0.484593988,134.9867589,0.330971817,1.554512201,0.885181555,2.288817839,13.31796113,2.773960786,2.397427979,4.263297491,1.53439483,2.661524467,1.595730959,21.97944471,1.869310154,7.547442373,1.046498914,1.618144556,2.698775524,13.08335117,5.651745078,0.804023478,10.90946664,0.584738847,2.480084059,4.780753395,2.557125407,18.30512988,18.89801311,28.25804507,2.075774347,1.805173928,1.848008532,4.577824618,13.32741551,1.691773392,2.196109577,5.936615221,12.13547623,1.327446714,15.62794579,0.773449806,7.713440053,27.59659244,2.743713959,1.66477166,30.95915081,102.8577568,1.59963925,1.534776281,2.978360549,15.55833887,6.496294449,0.373466653,12.8218471,69.24966465,4.842458987,2.725356928,1.744256145,6.093562387,2.204404606,13.92728758,9.531933284,2.857710082,42.7469763,54.61557448,3.491116806,0.334187354,1.330906523,5.588522346,5.800500014,6.816996879,6.604218597,2.22896114,67.08492362,16.69756177,1.376936187,3.565227311,0.94896684,4.396893014,5.994395599,1.337598222,1.525045431,9.727107272,0.776206442,1.502579949,0.30660379,10.35998722,5.916377762,3.459568952,0.892868705,1.381285965
E1-AK-4-E,5.980023174,2.146020935,3.162527108,2.077740378,2.090263533,8.090392902,4.153165952,0.410321754,111.0147597,0.248603898,1.491062322,0.80840663,3.301063509,13.36605615,1.497523746,3.151969556,4.569404953,1.340027909,3.39023302,2.310313328,32.06780157,2.23532993,9.907316842,0.59378568,1.011807792,4.208214389,17.71259997,5.298248879,0.832349127,8.855152079,0.523764678,2.418359118,3.612189008,4.143339671,22.49935466,21.23363162,24.8759483,1.589651152,1.712847089,2.343655313,4.438006555,18.92256692,1.776971348,2.993596633,8.417725099,12.49148982,1.853726853,22.58149587,0.789776944,7.004315955,23.85932747,3.253003816,1.550469294,29.86449016,79.99156624,1.942245738,1.260288798,2.654918459,19.25707108,8.527622372,0.335907867,17.12615366,67.8111841,5.211420158,3.142791462,1.622125464,5.627367655,2.046696757,17.75383278,9.171054309,2.800654515,40.84613031,53.52567322,3.604844445,0.376381288,1.631780505,8.950489991,7.074540137,12.17841758,7.078889142,2.442842625,70.75883602,11.76623815,1.330989012,5.551428517,0.829868747,4.242068767,6.775342102,0.78345277,1.487925173,4.854011447,1.583175835,1.765742192,0.30585608,10.2366419,6.050155247,3.504272939,0.761012735,1.347901608
E1-KL-0-A,7.525348347,2.434681918,2.884211398,1.784747656,1.569948712,6.684926837,3.929987284,0.456516667,96.06818092,0.241011273,1.269539439,1.240816832,5.161652659,15.86893283,1.757119455,3.715854026,5.113844872,2.304568478,3.302507377,2.27044714,35.48446225,2.244909378,9.728254641,0.553058444,1.805628738,3.654056363,17.33130294,6.040408274,1.376719881,8.906541235,0.86196316,2.023522248,4.527091014,3.306485303,23.96897322,22.97080153,37.55853065,1.673944657,1.916296731,1.709696252,5.0996757,16.5034408,2.027602937,3.085544416,6.249354088,15.46355252,1.397512512,25.63871431,0.844636779,8.835732296,21.18257491,3.513891792,1.974634916,31.75427962,70.69428548,2.158486192,2.700334785,7.893271963,12.96735456,5.097710253,0.124550167,15.21293547,99.35980029,5.702387182,3.229443107,1.674348577,4.808250977,3.105668769,13.06769612,9.29636822,2.549996029,42.64964283,37.96796667,2.575079191,0.273652774,1.227290782,6.949482431,5.414592193,6.984361632,6.054897754,2.192747141,63.44693193,11.53186449,1.385449664,4.680616808,0.843229544,5.111129851,6.914094115,0.7982062,1.98993925,5.312168373,1.449534037,1.701979326,0.254680176,12.00553686,6.714022242,4.646717356,0.640436091,1.842223531
E1-KL-0-B,7.14586736,1.930184373,3.237749686,3.300849858,1.741214796,4.52494705,3.904767452,0.327269062,71.43785644,0.226157798,1.053332802,1.434530011,6.124196258,19.85422981,1.796410484,7.137510312,6.474331904,2.634142834,2.284471565,4.082014392,42.33665696,1.796215446,16.39957866,0.171456523,2.145277352,2.795815187,14.22916724,8.610874315,2.852543326,8.435550863,1.016425127,1.466756476,4.193727526,2.700841911,37.02716405,27.82547999,36.89279853,1.160458157,1.493183103,1.087539021,5.937612728,20.95907719,1.779298671,3.198678886,6.161772339,17.3283767,2.1430827,35.95360851,1.216400901,8.461673808,21.0422142,5.381820258,1.76851671,25.07236775,67.18366939,2.841224188,2.733098485,7.61407808,9.318235501,2.996642846,0.116928712,16.4495214,101.2392602,8.452318403,3.403613909,1.902131031,4.718413275,3.216053112,11.97507444,11.93910867,2.092629877,40.33593604,35.52704497,2.938618338,0.360658324,0.757075732,6.982098283,3.456143972,6.755874344,4.735820226,1.889844294,54.89376407,10.70262587,0.983329946,4.672184334,0.575644588,5.333967136,4.498668054,0.393577995,2.215028845,3.120450083,1.772772587,1.316989265,0.104336768,12.63151695,5.410265795,5.074521105,0.493392876,2.181802369
E1-KL-0-D,6.672599688,1.548914152,3.698809786,3.097791948,1.667809604,2.338420502,3.587465373,0.372133654,40.93151664,0.276792814,0.522311519,1.477943326,12.61996448,11.62068255,0.486237515,7.728023197,6.498967618,2.989467225,1.416087651,4.45356531,48.64632177,1.471265452,15.87473442,0.024384449,2.095678366,2.207394139,15.06518416,8.9559744,2.513961797,9.58313871,1.016715612,0.796315391,3.418588904,2.649058041,46.04027974,24.97695841,29.30507465,0.784055569,1.448834364,0.489091009,5.281083044,24.74863945,1.871211676,3.562971693,6.194383826,16.08537108,2.563550181,43.71534021,1.292372035,9.338793408,22.23856789,6.299909183,1.706099028,20.60064554,72.35361206,3.0435763,2.814099704,9.508848641,9.009316397,2.377834942,0.085670178,23.21691855,107.626758,9.287413509,4.676748197,1.63852107,4.715385636,3.26173497,13.00760982,10.84966638,1.256093797,30.5034196,40.34031228,3.481465633,0.426802587,0.355695908,8.555130941,2.002933445,8.056423098,4.681933655,1.997653851,62.79807121,10.86298642,0.807108228,5.902613994,0.340978736,6.023738072,3.227491034,0.057873358,2.530292252,0.922186443,2.6486086,1.246225384,0.031698477,13.86321168,5.0274461,5.135321327,0.346571206,2.228546202
E1-KL-2-A,6.267475569,2.230268774,3.896152678,2.412226288,1.76546948,4.438357317,4.165914007,0.490563667,83.67732999,0.241401494,1.184322977,1.156006719,3.935834806,15.35765174,1.496968729,4.935527449,5.697167226,2.092434475,2.347426097,3.147004383,36.74559787,1.925418814,12.29830861,0.338861275,1.533726618,2.666490228,14.43908316,6.676214043,0.90509955,8.356940334,0.809201596,1.84366491,3.70698259,3.404091155,30.6047765,27.18597346,43.69301013,1.568411022,1.862630173,1.286803277,5.882572667,17.73358111,1.901330779,3.02781323,5.73484335,17.10725344,2.148239384,30.21108652,1.111287529,8.637424814,27.86450344,4.9370705,1.949187755,31.99900416,82.45995337,2.920583099,2.363162706,5.587620728,12.93624348,4.128581865,0.216989439,17.59692547,86.37788353,7.606086212,3.844830192,1.886514972,5.747282469,2.418269673,10.47407624,11.06382157,2.266007839,32.33975689,31.17197027,3.666715045,0.474492998,0.677562035,5.789890559,3.187134606,5.057288129,5.185069676,1.868736535,68.52288105,12.5072924,1.016515989,4.704137697,0.781077105,5.978169342,5.417257008,0.631549484,2.17579289,5.737983273,1.408288717,1.57954422,0.113008526,13.56538039,5.978467984,4.923461623,0.616499468,1.997255391
E1-KL-2-B,5.823111689,2.036764662,2.785845499,2.440176911,2.080707651,4.995000412,4.384804528,0.481871987,88.22814982,0.200701005,1.274726772,1.024044144,4.538293182,15.19407174,1.421666316,4.193439619,5.631517143,1.906492794,2.934693882,2.963798023,41.14959941,2.249247333,11.56530928,0.360303064,1.306491771,3.498272823,18.95662818,5.800481373,0.745942077,7.847867468,0.709855168,1.886375936,3.894317195,3.790621984,31.15192406,26.07987487,38.97613172,1.505548822,1.898082733,1.767064868,5.430149143,20.97329576,2.162625143,3.66777054,7.241151114,16.54346021,2.168778935,30.07469969,1.012854441,8.08147495,22.64604787,4.811411701,2.075743797,32.3669169,69.57933927,2.812637667,1.869387703,4.875509102,16.50020021,5.943630476,0.166198887,18.83997157,80.6744194,7.109721417,4.011604488,1.795405891,5.485477053,2.334511734,12.70779607,10.75122451,2.391809113,26.04417577,34.60055061,3.65419373,0.465690472,1.100135484,7.466643144,5.010141062,8.05091693,6.169150583,2.189229016,69.21776589,11.10078754,1.285141774,5.405367856,0.806995784,5.690746417,6.731707732,0.629290002,2.09474598,4.785918683,1.76928362,1.767443948,0.189968162,13.14642801,6.821481625,4.56234681,0.696560931,1.762149761
E1-KL-2-C,6.871932583,2.173849165,2.954282195,1.746037731,1.926680966,6.26661207,4.02626646,0.391975142,103.9267251,0.205102893,1.330295201,0.91724852,3.699605615,16.24185289,1.925851712,3.622838574,5.253283271,1.62827738,3.292215758,2.226749647,33.50839554,2.295348461,10.27380557,0.638579104,1.229987227,3.495623437,16.80803991,5.307204148,0.617201742,7.71630859,0.613456176,2.093844417,3.574088191,3.713208555,24.05763372,25.2222754,38.97590878,1.79947848,2.120322159,1.882332317,5.451490639,17.25565992,2.108842148,3.300349684,6.972569117,15.81446592,1.619351465,25.8700741,1.015448044,8.262228078,23.89921713,3.861339834,2.002684355,32.61577378,72.30727284,2.569780494,1.995737448,4.675193218,15.10802306,5.596980551,0.181796675,15.27694987,85.43288668,6.515239153,3.189190765,1.935005555,5.386493694,2.447978419,13.05355471,10.78394285,2.84769927,39.74565078,34.76871621,3.712621092,0.431807834,1.264111819,7.30555172,5.764347713,6.703203614,6.386556441,2.365808369,62.88705616,11.56184975,1.530268666,5.072764461,0.935601413,5.790589173,6.523100345,0.956118885,2.028217886,7.182579774,1.595633834,1.853372779,0.290902574,13.10613215,6.774893698,4.759168812,0.787576693,1.991853091
E1-KL-2-D,7.494170256,2.070344822,3.119887435,2.275870663,1.903679467,4.920905259,3.670541892,0.36226748,90.59950011,0.251054828,1.052143562,1.185811948,4.133012642,15.49327819,1.807119395,4.788746967,5.477562177,2.262610062,2.192675626,3.083759222,39.45496722,1.682241843,11.64997745,0.214596324,1.831584464,2.548306397,15.26053666,6.688515546,0.885453815,7.491584663,0.860992451,1.590693054,3.655083533,2.837517498,33.97109784,24.49213531,42.91082684,1.369584788,1.682300521,1.151852644,5.603125946,16.44401305,1.928131295,2.905134924,5.111881002,16.01647651,2.206448191,29.31459303,0.89937418,9.35188819,26.73121952,4.626162541,1.816874122,29.89014085,79.77530329,2.608572639,2.4261369,5.323487173,13.3915473,4.177318605,0.210933236,18.17233974,92.76961203,7.832135256,4.004033895,1.786833696,5.188125245,2.526630917,9.899310562,10.60107502,2.062473396,35.38549034,29.405325,4.314847475,0.466080094,0.623735931,5.549329537,2.793197941,5.28676623,5.255452669,1.574946031,66.38909206,11.13547178,0.795377186,4.937510598,0.65560221,5.9197886,5.128892436,0.485817213,2.133358393,4.713285189,1.443643728,1.455556568,0.078391952,13.9715753,5.908500083,5.299249184,0.623051474,2.294541653
E1-KL-3-A,6.705563443,2.399763103,3.298483007,2.278707307,1.975730726,4.936224624,4.05968056,0.423951974,90.22551657,0.245040078,1.199190095,1.077139864,3.149762952,17.24278322,1.782267879,4.393671887,5.549113002,1.794132611,3.071407816,2.918190107,40.08636292,2.157172628,11.2018895,0.349192072,1.422507025,3.482225202,17.54407231,6.472518483,0.821835884,7.369642716,0.663869194,1.84987395,3.545058113,3.539304559,31.51709339,25.88226406,42.3817208,1.617057931,1.942130843,1.46484017,5.674720745,19.36395316,2.110787843,2.69958317,6.059427993,16.17673217,2.138319419,25.33668752,1.025082847,8.256960931,26.85494153,4.482476922,1.939403521,32.39853237,82.3864396,2.719321543,1.765853321,4.485335378,13.39003094,4.596832203,0.244911921,16.99914207,78.10372557,7.001131643,3.712578886,1.829877972,5.238340106,2.20458017,10.43974934,10.52232611,2.31081481,40.32453187,31.95101864,3.681171854,0.432174466,0.800992551,5.852804923,3.635233112,5.151812589,5.327599845,1.969411041,66.70006165,12.34675523,1.067326354,4.502370583,0.810947827,5.762336316,5.350175834,0.667320468,1.927013511,5.731364797,1.22720304,1.590478105,0.152853166,13.28137716,5.743863044,4.86514527,0.649765904,1.991336554
E1-KL-3-B,5.674909509,2.431340438,3.211432138,2.265503897,1.964952485,4.76408935,4.092048421,0.381888208,91.93686272,0.219339054,1.196245589,0.944650564,4.593811339,18.53227885,1.359362501,4.165983138,5.282104828,1.668688875,3.553404157,2.858267536,40.07211298,2.503244568,11.81151456,0.376725975,1.387613579,3.961296768,19.37717518,6.090368211,0.788614082,8.083465809,0.580626922,1.869563646,3.125708828,4.509437114,30.54348052,27.28632607,40.72136689,1.732334924,1.997002911,2.017806033,5.588388425,19.31050345,2.183787309,3.838166832,7.495352301,16.503058,2.141076972,31.18909211,1.012859959,6.996896067,25.6892769,4.583893758,2.055320824,33.72474577,76.99898205,2.933964558,1.454907671,4.090348658,15.83194866,5.885025092,0.223531493,17.63613763,64.59406859,6.983218693,3.720220558,1.894514674,5.507858897,1.773252357,13.51705262,10.87829924,2.446540787,20.84227871,35.51083149,3.30794399,0.445860175,1.024859687,7.746690335,4.996495858,7.36284626,6.792282418,2.370159123,69.64713189,12.9014556,1.323243764,5.836679855,0.832179463,5.388039269,6.052666754,0.616817339,1.952258467,5.769466105,2.271391992,0.206582916,0.206582916,13.52054019,6.817082947,4.877740116,0.838241597,1.926410716
E1-KL-3-C,9.234874346,2.292152105,3.390228238,2.554671417,1.813672819,6.091618132,3.865752882,0.443501835,106.2707207,0.1742544,1.375730267,0.990953207,4.022099564,14.77000931,2.884599894,4.743883645,5.724972313,1.726946035,2.485417406,2.715475244,30.95192355,1.972501244,12.11930204,0.615267462,1.744521475,2.66242592,14.72559856,5.973539862,0.737483831,8.88170909,0.719454897,2.129963829,4.461941283,2.765199101,24.79025291,25.10905827,41.70813554,1.644685877,2.01037713,1.495635251,5.255456674,16.07586448,1.970161038,2.992354401,5.804619866,15.17084175,1.820413996,25.59440623,1.130080766,7.586177277,29.00124832,3.927401316,1.955864247,31.2738312,88.80621774,2.463288909,1.829024897,4.730516115,11.78577634,4.045537644,0.256034655,15.58050705,71.96022137,6.939521767,3.178062374,1.978354342,5.408232657,2.167879849,12.22612608,10.8382071,2.79901099,32.8577905,35.26141679,3.424194037,0.416399024,0.968144606,6.49016285,4.437757677,5.431492538,6.307309942,2.147411397,65.93392166,13.74394329,1.259920139,4.63795025,0.882828285,5.745991803,6.212432636,1.051820173,1.947985322,8.036886925,1.478303199,1.57839464,0.207723086,13.70298476,6.592403303,5.069896439,0.807796429,2.024985913
E1-KL-3-D,6.471741015,2.457282341,3.399691509,2.44457176,1.981090819,5.060202254,3.973663925,0.454306675,96.02784834,0.182760693,1.298532371,0.935910361,3.390636281,16.91126599,1.86084351,3.943167915,5.408746736,1.744548944,3.224832338,2.680033738,38.485173,2.280484207,11.84715811,0.524646471,1.585711388,3.415613643,18.0527266,6.089087058,0.717832731,8.147676294,0.596603616,1.980467129,3.701849327,3.372218953,27.40543855,24.27757215,40.32503447,1.758520528,2.079428721,1.693745595,5.12941329,16.49858818,2.2128439,3.100736743,6.101466782,15.73633475,1.97239201,25.83026393,0.982821718,7.162244602,27.9899533,3.953534824,1.969130896,33.2254418,85.75877406,2.529527076,1.562913319,4.430665661,14.03923021,5.115503927,0.194140995,17.10750642,68.60977988,6.602569337,3.508709287,1.8822085,5.395349014,1.989003781,13.23299882,10.46962222,2.673645278,32.72288871,35.41413165,3.521526736,0.392512395,1.079691705,6.966017796,4.702519785,6.198724945,6.854124498,2.231352168,69.64021077,12.87441141,1.34397183,5.056336028,0.91158902,5.513334389,6.213614117,0.828066003,1.88369832,7.339006162,1.76846578,0.224109962,0.224109962,12.84747572,6.808436263,4.598663235,0.80493142,1.880098663
E1-KL-3-E,5.752728828,2.36488493,3.702706937,2.186241122,1.670976326,5.635843867,4.153315205,0.475760156,98.876568,0.240905081,1.302625201,0.984127793,5.721914531,15.56185882,1.16749898,4.429567353,5.286952445,1.77496827,3.057454036,2.824033111,36.02223696,2.168957898,11.98971965,0.464948495,1.157108808,3.352057053,18.2226944,5.815181569,0.870401631,8.168314259,0.608810836,2.021045433,3.368574875,4.872764548,30.3552103,28.46694664,39.09912844,1.694877914,1.905468831,1.959520991,5.316659678,20.65915411,2.092807177,4.169823744,7.919152717,17.13830742,2.009666778,34.23253241,1.090319697,6.479984657,24.0986989,4.443727582,2.219807395,34.180223,71.33441559,2.958203288,1.353645216,4.128025932,18.05207008,6.689144695,0.202032808,18.64379378,61.88629979,7.606010143,3.839493798,2.134147963,5.505363871,1.672684228,14.84043683,11.56468868,2.735697506,12.62228449,37.67096206,3.243187284,0.460389689,1.321172955,8.632573949,6.126470314,8.803103439,6.922766014,2.411790341,67.83855472,11.72048817,1.532554529,5.930087836,0.8524349,5.303723392,7.405815387,0.720215633,2.056397697,5.869392222,2.35404957,0.288354836,0.288354836,13.52355425,7.278225844,5.047463329,0.846576628,1.977135714
E1-KL-4-A,7.7679909,1.788977567,3.523937786,1.743698353,1.696823755,7.53312709,3.822753759,0.376427527,111.497694,0.234305828,1.430983648,0.821709193,2.98734016,18.29282069,2.47928803,3.045789356,4.729171899,1.407606042,3.660576922,1.948189086,31.18613971,2.244646793,9.253842918,0.880203148,1.102241864,3.670907284,16.42164274,4.553638274,0.622851576,6.399374001,0.528593814,2.097831901,3.750510315,3.873554079,23.54738463,24.10153187,37.00630289,2.040880294,2.25666813,1.941930147,5.211680261,15.40501997,2.150687469,2.657216526,6.282240889,14.81464611,1.596310456,21.29148673,0.971828158,8.036086982,23.00580926,3.254434257,2.028542664,31.1214304,71.55083858,2.166663747,1.942941117,3.301099777,12.94752736,5.101692885,0.352344517,13.376596,79.55176555,6.376102858,2.780903669,1.989136231,4.684474426,2.458358057,12.77554872,10.39934325,2.998590177,70.68080249,36.08740005,3.513792085,0.370288477,1.430953697,6.605181009,6.222874003,6.18542586,6.288610799,2.48474815,56.53120831,11.62074573,1.687998693,4.283283152,0.989797311,5.970686668,6.931116651,1.25411417,1.704509888,9.02095206,1.839341903,0.374512542,0.374512542,12.83392904,6.353908545,4.728537947,0.907517817,1.872015403
E1-KL-4-B,7.337172976,2.120658049,3.330393832,2.029154176,1.920949822,6.275492282,4.081215266,0.414906403,107.6858247,0.228350077,1.360345933,0.893571259,3.413883019,17.74396347,1.7767319,4.074391462,5.176554786,1.488379257,3.515774942,2.615131477,35.54561719,2.430940174,11.96779509,0.496376246,1.012695776,3.817496472,17.72001913,5.279759889,0.760533441,6.548325778,0.51241983,2.016098414,4.349614199,4.898568922,26.68061389,28.57352355,37.54679908,1.787937792,1.924557158,2.118697643,5.602053527,19.34510627,2.089868541,3.409919234,7.12838391,16.88404224,1.875247217,29.37359163,1.015898879,7.193353129,22.11940301,4.164852656,2.035460655,33.09678092,69.68233814,2.693210523,1.655353892,3.490312279,13.75303816,5.262172551,0.317541032,15.51489881,71.02587278,7.054872706,3.132320283,2.047969514,4.699318443,2.087733112,12.73072528,11.12394047,2.575231377,50.58955557,34.33277995,3.309177712,0.428962057,1.184474251,7.709837298,5.14813384,6.533070306,6.571419332,2.340535651,56.30612163,11.48231417,1.370974385,5.503150231,0.843188377,5.215645387,6.795930421,0.756610661,1.659434952,6.522811268,2.05697761,0.2583681,0.2583681,11.85173868,5.952534799,4.683284893,0.831962887,1.850591607
E1-KL-4-C,5.036190138,6.346391249,3.611164906,2.543630531,1.711143772,28.93339995,7.122345684,0.806063793,76.28548036,0.255073394,3.618659323,0.962246293,9.182636603,15.15908581,0.366235222,3.677316387,3.883380028,1.674640611,2.568458607,2.649599926,34.11251523,1.742980133,11.72211623,1.688280068,1.003943496,2.824422045,13.98135074,4.739903555,0.931862649,5.975829716,0.545164155,4.672816271,3.638925842,3.742536324,26.27814372,18.03959971,28.26727101,1.516496724,1.893892512,3.995988216,3.548615212,14.3542691,2.22308634,4.339310348,4.517478105,9.86834691,1.910355972,18.59948362,0.98424057,7.67150888,24.18093899,2.914087996,0.929290725,29.35400649,61.96238028,1.577068195,2.145392653,4.000301658,16.02099253,6.967747292,0.553431405,13.4212848,70.24483049,4.947751278,3.722266757,0.892455655,6.384918388,1.842886285,15.98076206,5.313520815,1.336583513,31.96143062,39.51257585,3.566484529,0.411174407,3.139265888,5.85250303,15.28857185,5.392644397,9.029622447,2.333677647,76.47868563,12.37989659,5.251026845,3.828650494,2.007681524,6.377477432,31.53215285,14.37556978,2.124129502,2.092606854,0.212172271,2.108571208,2.108571208,15.57237777,7.726561622,5.894362279,0.785330148,2.239451075
E1-KL-4-D,4.702495173,5.146866389,3.864157054,2.28117393,1.554693535,17.19462625,5.808979135,0.696023157,75.14989923,0.216466475,2.359356005,0.952376839,7.690494052,16.10100698,0.505970916,3.595861246,4.083080271,1.628584936,3.099346697,2.683177419,31.58684825,2.011643805,11.09629797,0.975312032,1.139126577,3.12509045,13.06470424,5.781955442,1.042197831,6.199960797,0.550058277,3.047909605,4.033177834,5.248568229,24.70721364,23.06699481,32.09352786,1.658911452,1.57547596,2.581668211,4.40132938,16.17343479,1.913791101,4.546864954,5.340999977,12.81300486,1.918836158,24.32829931,0.972510542,8.427287919,25.76432935,3.13260292,1.277883887,32.71673631,72.27650633,2.004608257,2.129510014,4.024253687,18.02936456,7.284980349,0.441693811,14.96299766,74.74885552,5.804470553,3.795654563,1.088102304,7.26622287,2.052033222,14.88327341,6.334129146,1.535820703,38.22248816,41.37935311,4.156593623,0.465790181,2.54323376,6.461875301,10.90005063,5.923428721,7.872292796,2.392860676,68.79069333,13.93469959,3.768516391,4.537823776,1.573675722,6.542378571,19.65819091,6.515171218,2.121651842,2.285925266,0.219291346,1.214525182,1.214525182,16.18082604,7.139191217,6.315829738,0.761018323,0.616432006
E1-KL-4-E,5.88957474,3.564557105,3.371609856,1.753149346,1.375465279,20.41869102,5.308277631,0.610585403,94.00521981,0.209764525,1.78497479,0.810058967,4.872023049,16.3454924,0.890524402,3.107291273,3.929775605,1.387046263,2.988142356,2.535573737,27.81901957,1.964089188,10.63600785,1.016121128,1.013628786,2.824969816,12.5613451,5.537650194,0.669633662,5.524289273,0.538164259,2.485597345,4.4727193,4.658937722,22.26893264,22.80760693,34.15092345,1.887935927,1.856382517,2.486519792,4.841132501,14.6907753,1.96503424,3.873198984,5.018090749,13.36468014,1.544343913,22.02890976,0.987219839,8.420684935,24.05363931,3.231317903,1.420811422,34.12162444,78.5541231,1.996403681,2.624440796,3.562745702,14.7334138,6.071411347,0.582765499,13.01331017,74.89608014,5.948240627,3.292907663,1.165044593,6.610380193,2.101914751,13.55793455,6.656268328,1.877794876,43.79741207,38.54405135,3.878468941,0.42158222,2.682910259,5.474232973,9.34699925,4.402301581,7.227655572,2.443066261,68.73896423,15.14653026,3.18672216,3.857979631,1.662492958,6.038278024,16.38261798,5.705760226,1.997676922,4.138786139,0.20494004,0.850965653,0.850965653,16.18577879,6.773226526,7.153630555,0.86471045,2.896378072
E1-OS-0-A,7.263906666,8.234612416,3.649311863,1.864671838,0.069399043,21.71920993,8.183092765,0.840870096,71.76147686,0.182188794,2.791144038,1.043198716,19.15718479,5.016563303,1.87828398,5.011661734,3.793241363,2.188123414,0.729123955,4.146855085,14.71338178,0.812976458,15.2795419,0.761945574,0.013296961,0.985070654,7.141412222,5.654839944,1.297691517,8.052534178,0.793233139,4.480097116,3.169047741,1.139105243,17.41314109,9.53919308,25.53061768,0.721067779,0.827550921,4.118113606,2.106042096,12.39756104,1.003918397,8.833197824,3.809341461,6.562794349,1.268549529,29.82041089,0.853333414,12.00691814,16.21387898,3.012561229,1.266074205,27.68473792,44.66982584,1.335741488,4.417023116,6.029084447,13.4282518,5.387066833,0.535916541,9.384907493,112.6482848,5.12626039,2.830055097,0.737499318,5.587033969,3.202409122,19.66460838,4.460010724,1.389751377,61.18964871,51.40080179,5.618472259,0.4537346,3.719593944,7.775927536,14.66817523,8.647426887,10.00932326,2.194196085,66.93370212,14.04766798,4.857993014,5.711264654,1.672094173,7.41510805,22.64947504,2.893689598,2.521479906,1.692175622,0.121324609,1.331854736,1.331854736,21.23844553,9.772329205,6.799122476,0.717725845,2.97436295
E1-OS-0-B,10.04775175,2.862755563,3.917446243,2.420149231,1.748043495,20.62372806,5.805686692,0.455393491,122.428536,0.21977817,1.82153976,1.158329224,5.350396023,9.706007163,1.762457916,3.741779858,4.362604383,2.178169733,1.904539746,3.189149004,17.55028928,1.595374494,13.07701581,0.864612647,1.808184215,2.078041331,8.774133442,6.455174813,1.349825656,5.982513733,0.801556493,3.186238105,3.852454518,2.467477658,19.78042752,18.28446759,34.80588488,1.699833546,1.186145639,3.560755992,4.419472876,13.82442046,1.33142671,5.963366536,4.993099566,11.38809789,1.13682298,26.15214386,0.92265238,12.15841461,14.68318288,3.508732365,1.618069598,29.59891264,50.78672784,1.707413705,4.201473968,4.923634049,12.73665705,4.857230943,0.493743947,7.234615394,109.534695,5.946373189,2.494563969,1.175557111,5.771406842,3.310101052,13.14797494,6.543145586,2.20475972,73.08377968,41.47776338,5.384879108,0.404452999,1.876873504,5.520393288,6.532134137,4.855186228,6.175870768,2.120049518,56.05898295,13.0276812,2.121006196,3.436276924,1.105276101,6.097750896,7.545134733,2.172016436,1.943970356,4.354119799,0.157878932,0.407631508,0.407631508,14.94377386,6.618803144,5.61393185,0.635745777,2.287466758
E1-OS-0-C,8.080262509,2.800968576,3.361585463,1.732281638,1.740093262,17.04848738,5.42666155,0.59471752,112.5161844,0.292822843,1.807557043,1.212974202,4.591415164,12.74525454,1.565203896,2.308594798,4.108840269,2.375542616,3.114635968,2.105410288,19.21227138,2.302094412,9.586479078,1.335986098,1.514217798,3.284280339,11.38777844,5.856258136,1.122878394,6.148814608,0.786093505,3.036383394,4.050238171,3.888245257,17.85549049,20.33762204,40.82580189,2.389964203,1.468236991,3.092365848,5.49055249,14.70187247,1.549331437,5.877616589,6.174014522,12.0546351,0.967908228,23.75289911,0.820603691,10.40833727,14.43205773,3.048755041,1.717272188,35.67224612,52.90630373,1.941161357,3.878015258,5.977234122,13.69038594,6.070608774,0.438996738,6.610249129,101.5226512,5.533878699,2.546552841,1.210832911,6.172022923,3.070787749,14.0287695,6.56189243,2.671372532,49.20183326,45.87649682,5.566630953,0.436994136,2.304773071,5.083460649,7.918049675,4.47240763,6.636515242,2.435604877,63.6901303,15.43038792,2.583773386,3.290982238,1.377001026,5.980640613,9.253192545,1.586320076,2.055963729,5.541737363,1.363927689,0.535888405,0.535888405,17.99822039,8.316552765,6.701000942,0.747862973,2.566950648
E1-OS-0-D,6.340975435,2.063509603,4.140057644,1.789670069,1.406673309,8.301272943,5.241991359,0.554029798,110.9281176,0.218415164,1.532183563,1.157346708,4.291100697,10.25101282,1.423274715,3.20332509,4.083145813,2.188107305,2.078639887,2.959754566,14.6912151,1.644900115,12.40242189,0.795492199,1.63334285,2.018501532,7.104022342,6.908974321,1.373461012,8.393503021,0.823577969,2.675259703,3.811742461,3.781886251,18.31142952,22.85055397,41.37636475,1.967316534,1.055092067,3.451836269,5.023541832,13.04810709,1.181023939,4.667305012,4.152650611,15.29948205,0.989984485,28.06470859,0.920229367,11.49331918,17.25992358,3.479367009,2.24018239,35.8100181,63.67188771,1.919509242,4.102156038,5.520400991,10.75360392,4.137041197,0.579500732,8.063877398,105.431739,6.447391381,2.497545272,1.55356738,6.744034976,3.267443075,14.1654961,8.44999552,2.602606782,65.94766218,44.01536959,5.41870894,0.382400061,1.356408563,5.739373316,5.469662927,5.029036899,6.809476161,2.224448286,60.46878265,15.95244551,1.753225453,4.055894557,0.901027981,5.736585018,5.701276064,1.173673504,1.8914053,7.079696938,0.189215908,0.330892522,0.330892522,12.94802159,7.071942439,4.495299312,0.782019563,1.984018308
E1-OS-2-A,6.234832246,3.188825176,3.662681452,2.023765898,1.937149983,15.0925061,6.231124981,0.473001444,98.64323827,0.188580379,1.65570782,0.867223164,7.698128498,8.207023253,1.038889953,4.045253605,4.553503229,1.513519715,1.712542619,3.328457765,20.97534818,1.711070641,14.45238877,0.826330879,1.114605228,2.345684069,10.96883973,5.642198863,0.644976199,6.271760135,0.546220972,3.016458512,4.0776215,2.647979115,19.36020327,18.2493434,35.91393869,1.390664494,1.345902687,3.843196501,4.022747057,17.77744181,1.465142739,10.33999827,6.764228127,12.40050762,1.295498158,49.90469305,1.090647218,9.00176619,15.5117409,3.980008181,1.892374254,30.84329447,48.9556535,2.089901464,2.797324658,3.32112447,16.05026226,6.009864543,0.469630173,9.816238739,82.05590438,6.304658383,2.903030827,1.442323181,5.940223644,2.383132762,17.40530007,8.472553386,2.745470599,49.63252271,43.96971993,5.194417116,0.450516434,2.078584396,8.504152344,8.363813901,9.198829777,8.143755033,2.811022269,66.19021112,13.3744956,2.833392581,5.609419684,1.20248376,6.21974469,8.515867089,1.976879444,2.043367366,5.051532465,0.194627444,0.64218151,0.64218151,16.77278503,8.812120808,5.212367059,0.878993317,2.386643155
E1-OS-2-B,6.613560933,1.958502659,3.598430627,1.709961601,1.605933306,11.21627537,4.771034918,0.422072017,111.8333016,0.173723961,1.492821357,0.827983239,6.169917808,6.518224583,1.849473727,4.041002892,4.090824685,1.499544594,0.932369215,2.963274456,15.03570856,1.062196612,14.60133186,0.893345086,1.074442131,1.126135159,8.593216101,5.85542971,0.667395393,8.038600364,0.581331321,2.751200634,3.642238531,1.709738015,19.11822845,17.69117334,42.72269186,1.387783724,1.391053708,2.828659714,3.7238469,12.62401415,1.321906695,9.783055143,5.372416985,12.58260649,1.079623179,48.93060774,0.894155382,9.152751375,18.69504196,3.33404877,2.347080627,29.68364275,62.80324666,1.856406721,2.682170468,3.76738467,15.28807507,5.101512087,0.464878527,11.02024441,81.57768256,6.338175519,2.823833097,1.706024501,6.498282515,2.376977784,15.69380775,9.48106928,3.158145078,47.35633524,42.60885044,4.90051298,0.427876925,1.599205075,7.550787083,6.357271638,8.184317046,8.100106632,2.511324118,73.2790648,13.67916582,1.910930892,5.364170396,0.933475108,6.072487466,6.559769676,1.107886049,1.985617112,9.476870521,0.201158033,0.348023336,0.348023336,15.37528147,9.134553859,4.378677934,1.036097546,1.989310819
E1-OS-2-C,8.273650192,1.812847547,3.232549487,1.572656839,1.877931639,11.45621707,5.131782349,0.592390958,128.012083,0.248697061,1.645034201,0.914217299,3.609532713,14.83414298,2.083617727,2.099667412,4.303812779,1.671555096,3.547602656,2.039363482,19.69824689,2.464188099,9.228570546,1.456936917,1.194519682,3.389060554,11.34419616,5.4258853,0.43723058,7.4342812,0.594186367,2.811043343,5.311453168,4.1326468,18.9341081,21.3615981,45.06618729,2.699482821,1.661463524,2.844754387,5.946280651,13.29408382,1.63194252,6.390994029,5.164391893,13.87701965,0.97795296,27.1722623,0.850224316,9.400073276,18.72853892,3.242863099,2.150861812,35.68687555,66.43453624,1.925529429,2.813049743,3.384821881,13.60953104,5.670688345,0.505768191,7.846279904,74.33100417,5.773875384,2.436220397,1.62259829,7.196326755,2.129055004,14.49011309,8.747100044,3.212371646,33.53003498,46.46456902,4.82992134,0.412650562,1.923170992,5.607226139,7.344857396,4.761712224,7.786812152,2.426736102,67.41085676,17.01954981,2.270860483,3.99634894,1.258887169,5.60577507,7.623226337,1.869383207,1.964590194,9.453700292,0.228386279,0.488469877,0.488469877,15.75825202,8.614108226,4.750080202,0.964548768,2.054188921
E1-OS-2-D,5.206529869,2.45093393,3.877188926,1.774739861,1.83854551,5.49152049,5.808104225,0.515649008,110.2807659,0.20989876,1.42510655,1.02115623,3.995866832,10.11293926,0.901792829,4.024577915,4.476884578,1.768779268,2.191777015,3.596144021,19.86642537,2.011081481,14.41776835,0.470272439,1.184938684,2.527590414,9.189464766,7.207080671,0.7697652,8.564256221,0.585512584,2.728746313,3.393031947,4.602682395,21.48006369,24.90512984,44.21536486,1.748256948,1.080761131,3.406108449,5.024545375,17.65620407,1.244805495,3.875030149,5.360327942,17.04269146,1.403453666,32.70836951,1.115849457,7.831208453,18.67474442,4.592498467,2.509737689,38.67582702,66.72072159,2.351645582,2.066786165,3.791555891,13.90705081,4.961740111,0.331327002,10.78873454,79.0964097,7.092150245,2.995741052,1.864553563,6.75994973,2.179784179,14.93365161,10.35164086,2.585383312,43.13267301,43.77438354,5.041695718,0.482541291,1.167035504,7.596359588,5.304242601,6.510190026,7.482156638,2.348521411,67.52822271,15.18010611,1.613123313,5.337842634,0.884848152,5.795897047,6.60326196,0.783515289,1.982207775,6.725526969,0.191777233,0.281014305,0.281014305,14.16487254,7.485305071,3.907481704,0.840851469,1.756010278
E1-OS-2-E,7.666360266,1.749116729,2.948628108,1.461323146,1.816319405,9.704661552,5.157699569,0.492286208,132.4072187,0.274665591,1.671351204,0.984402574,4.279121987,10.67185398,2.010882996,3.059204794,4.485100501,1.620742885,2.308309861,2.50054067,17.58408512,2.01158963,11.62510571,1.147605533,1.230457137,2.55908364,10.60959723,5.887415938,0.475904326,8.536095833,0.552963498,2.986375839,5.2004789,3.125336975,18.33381843,19.99076226,39.59807476,2.088868723,1.412634639,3.256011808,4.984413765,13.43709858,1.408159721,5.354915128,5.280166019,13.89991545,1.060244986,28.67327323,0.962326689,9.201232841,17.45764936,3.464486137,2.321877911,35.49066302,60.63081621,1.938790867,2.785887808,3.577738761,12.45034815,5.080753419,0.367237007,8.380770088,84.52430401,5.637681512,2.478780638,1.677526564,6.324807272,2.352490129,15.74256231,9.185454592,2.976715984,52.97420843,47.90806689,4.814728981,0.379076703,1.649671846,6.310447475,6.688690255,6.192070119,7.478810505,2.57351737,61.26833216,15.59398869,2.036223095,4.109281834,1.079228336,5.459600015,6.964269474,1.389447886,1.871841541,9.202448359,0.172963613,0.442199265,0.442199265,14.01682496,8.036608317,3.9039768,0.921315434,1.528817557
E1-OS-3-A,5.150888067,2.726395213,4.297730693,2.116284969,2.046718282,6.30941169,6.104374514,0.548916531,96.67141948,0.20182847,1.362475556,0.991826658,5.31244296,12.06058599,0.776799423,4.167240349,4.850324416,1.689257587,2.821948476,3.735954339,25.71183454,2.391181017,14.89510079,0.322303736,1.197777078,3.620500688,12.58022274,7.206556199,1.033325718,7.685034872,0.533399482,2.632856186,3.481458191,5.54913293,24.08897204,27.45482003,43.57764438,1.621359794,1.198085635,3.39110722,4.625906791,22.04181489,1.387411045,6.261871106,7.789238116,18.2094524,1.671430677,42.22460708,1.193197864,7.12345532,17.190348,5.732959146,2.390862689,36.2372803,61.06117407,3.134920564,1.717186193,3.199916232,16.64310197,6.171731838,0.333946031,11.85256717,63.25191696,8.074993852,3.302569928,2.001442332,6.286471576,1.729014319,15.88795613,11.19121105,2.501922496,27.87663384,43.85509962,4.171334359,0.44000949,1.418802282,8.541802592,6.358714795,8.454444759,7.901692084,2.608662975,67.97958022,14.78366845,1.759575717,6.208083609,0.964240944,5.330141365,6.84298945,0.707299453,1.843823124,4.580296058,0.186560283,0.29658718,0.29658718,15.01613014,8.230966887,4.121617954,0.913345664,1.773934468
E1-OS-3-B,6.167564318,2.537300351,4.124218999,1.85293508,2.015876741,9.15351989,6.397259566,0.531478479,120.4240874,0.211425178,1.637858286,0.934719083,5.001698124,11.0736821,1.32641345,3.831591496,4.816138446,1.566570128,2.691521373,3.417982472,21.89084634,2.226848537,13.39094648,0.683187243,1.083102446,3.135406973,12.33969742,6.692351585,0.734670207,8.143493192,0.505661702,3.014348367,3.764202988,4.306876983,22.30278978,22.74541498,40.87782725,1.827290126,1.348022112,3.893859475,5.160677139,18.32826852,1.50946733,7.80932572,6.479103837,14.8346682,1.440821218,38.92996429,1.027311679,6.651453891,17.0700324,4.165720214,2.46216594,35.12979171,58.56352187,2.265176874,1.75565145,2.990499834,14.02174911,5.566137296,0.365224059,10.07405616,62.00431818,6.573149244,2.949742921,1.700652428,6.132590791,1.826428979,16.3906923,9.845199876,2.683304805,32.29969675,47.74131838,4.348808572,0.441128886,1.542274253,8.280434294,6.995372946,7.936758082,8.277140615,2.700224249,69.25600357,15.32434446,1.934938546,6.047747272,0.976188837,5.594585282,7.141344431,1.022122642,1.908905446,6.141641718,0.17532951,0.392179701,0.392179701,15.75331766,8.714674663,4.314070339,0.953293965,2.066421827
E1-OS-3-C,5.882108724,2.618344941,3.378566,1.959193215,1.9705441,6.924709191,6.129173369,0.498240513,120.1103636,0.198909845,1.686593214,0.895377487,4.716099368,10.35364285,1.308827867,3.822115347,5.01574262,1.493177305,2.405256598,3.419655596,22.96064232,2.19002592,14.07546063,0.67510278,1.044166595,2.998382524,12.28530046,6.759953377,0.666073684,8.728733926,0.478957047,3.066095501,3.659411763,3.832172506,22.37040388,21.80596317,42.40371089,1.753533341,1.339226192,3.864564618,5.043163761,17.86059459,1.514940455,5.227496467,6.081813461,15.50298233,1.479378677,33.16580602,1.037381567,6.887030883,18.35191177,4.382102952,2.589954929,38.24164831,62.83144212,2.18364505,1.689055776,3.074959397,14.36422494,5.712327576,0.289113814,11.23628664,61.43106184,6.654469001,3.024034488,1.906923655,6.23706105,1.943124166,17.8869437,10.33447676,3.053752358,28.68062458,47.88420312,4.050994316,0.403922831,1.630143282,8.573918592,7.350115539,8.504063221,8.852240361,2.737419248,69.71943725,15.67794002,1.916408941,6.011961717,0.992493179,5.348174245,8.033020508,1.078915174,1.851229795,6.869367923,0.214354206,0.400642415,0.400642415,14.5480562,8.83739637,3.919566277,0.999524361,1.549592497
E1-OS-3-D,5.27779982,3.064705907,3.640428594,2.036808835,2.122268441,5.66182926,7.213876724,0.547656747,105.4948853,0.236029056,1.473652018,1.004582315,5.327395122,8.704312283,0.989722194,4.630171504,4.69252719,1.699760248,1.714730898,4.994004832,22.00002415,1.706112155,16.18699234,0.296847422,1.368677095,2.15186934,10.60275956,7.513298229,0.864462454,8.450521247,0.616963946,2.684817814,3.598894108,3.003529123,26.71279828,21.71047733,41.5036895,1.325276841,1.145389885,3.735466966,4.644109829,18.65589623,1.395748975,4.914707095,5.575694171,15.62715481,1.829215331,41.05438139,1.105622202,7.920070062,18.40370334,5.07390548,2.835506582,36.98612028,61.47006708,2.251429554,1.758158077,3.129287762,13.35661872,4.823258358,0.347627256,12.13818325,69.24469737,7.264361905,3.471574331,1.72341323,6.342696406,2.138245029,16.7653592,9.791206301,2.100626416,39.82287564,46.55154067,4.563236189,0.457398608,1.127298744,8.383438371,5.629108967,7.752968491,7.584684789,2.368140012,71.35423235,14.5328824,1.568463654,6.034099588,0.80024534,6.16899084,6.291433363,0.489533478,1.948810809,3.919512783,0.192684371,0.24954139,0.24954139,15.18971281,8.300100828,4.0902434,0.8345052,1.700114449
E1-OS-3-E,5.846205059,2.951843082,3.31073176,2.02790546,2.396786951,7.043179218,6.68998575,0.524081079,111.8060207,0.255297488,1.623926414,1.004206633,4.902301741,11.39937885,1.348714619,4.289666347,5.264415505,1.614979492,2.444464764,3.8871736,25.36587405,2.189625496,14.66850771,0.558649569,1.148278031,3.125512737,14.09835456,6.828613241,0.696908267,8.14631592,0.545099755,2.842246047,4.02696701,3.22004579,26.45245609,21.52325917,44.58866042,1.602766892,1.493733758,3.698964641,4.84241874,18.64221726,1.720946751,4.644837963,6.530724134,15.06056574,1.670928872,35.23278014,1.07973003,7.511740391,17.80769687,4.65777821,2.450015891,35.84301577,60.25955092,2.377559352,1.869406411,3.022180601,14.01021459,5.412220721,0.376163553,11.01797265,65.52400152,6.743156523,3.347862092,1.864424243,5.84800079,2.000877442,14.55485103,10.3663625,2.535326412,30.68879181,43.41811768,4.332767848,0.420288323,1.24558491,7.758505854,6.027596714,7.519071491,7.386115017,2.485650441,74.75446476,13.94089354,1.600106331,5.484156139,0.931981918,6.558591882,6.611320541,0.76679915,1.971650349,6.288017021,0.207451979,0.285557637,0.285557637,16.59576711,8.648291671,4.564437215,0.944937596,1.999895694
E1-OS-4-A,6.328901821,2.243824147,2.906377265,1.916961375,1.934885967,9.889110504,5.506740951,0.438387533,116.0299753,0.243219236,1.66599324,0.861841294,6.411834829,9.262394009,1.307407475,4.765365941,5.067859208,1.434308575,1.95948513,3.59875019,24.85909876,1.896652906,16.00748839,0.668282722,1.004818759,2.778929373,14.09068302,6.201325408,0.918846317,7.617956667,0.522217717,2.92338362,3.544197806,2.599855308,23.40582299,18.73426436,38.89186333,1.342897884,1.564501929,3.925655775,3.907995594,17.81298099,1.705024328,4.745919836,6.870172618,14.29745693,1.544151189,34.38309662,1.115366312,7.341708786,17.66342165,4.069129033,2.284050018,32.20685735,62.63711919,2.095437235,1.955648713,2.91695951,13.30154635,5.355234357,0.474756823,11.91422292,61.90224813,6.657336367,3.107894247,1.878637256,5.226886167,2.067464243,18.30235919,10.59698126,2.964643806,35.211764,49.62820378,4.18924485,0.375379261,1.724161008,9.614632787,7.82180635,9.492823016,8.835671541,2.817025409,72.32328197,13.60475997,1.878137894,6.269795168,0.981674335,5.136133244,7.821375412,1.063456638,1.711682764,5.789605267,0.162911975,0.449331751,0.449331751,14.93502621,9.198002402,4.683466231,1.118711515,2.137529492
E1-OS-4-B,6.750685208,2.085384686,3.405837335,1.639980121,1.063263506,10.58047984,5.260743265,0.513933183,132.1924178,0.123482847,1.541802778,0.785492087,5.732733767,9.290177195,1.445634698,3.529829735,4.335593454,1.379367404,2.137946417,2.590443075,16.9359517,1.719598591,11.36753843,0.858520926,1.132939702,2.203003198,10.12846704,6.206275065,0.864827637,10.19915433,0.462439635,2.631119203,4.339982853,3.362110616,18.65610331,18.84984883,40.22012352,1.757804655,1.232882784,3.357677294,4.49503246,12.44764059,1.346472214,6.777908406,4.600748266,12.41045263,1.122048436,32.28706021,0.134563618,6.709017901,20.01801899,3.43529679,2.220704224,34.50033941,77.38668583,1.870794632,1.692385991,3.156696822,10.92030195,4.602070357,0.502831485,10.37539231,60.66292125,5.692497766,2.757968548,1.633380516,6.231846981,1.783970267,16.43647201,8.913053048,2.692130087,40.25099192,53.58444727,3.816653317,0.513728248,1.594702287,7.532319592,6.998849333,7.612393448,8.818440706,2.599732059,70.20693933,19.11079504,1.88615025,5.439834696,0.922138353,5.396427215,7.066840563,1.050816966,1.780499538,7.033456277,0.189649192,0.38206058,0.38206058,16.45443997,8.171315224,5.014497517,1.149652612,2.351866189
E1-OS-4-C,6.865476708,2.01831901,4.274959594,2.599188439,2.119370977,5.828828427,6.013438816,0.475174554,95.66730855,0.213820872,1.41917956,0.953869928,5.049487225,16.11980967,1.625372217,6.111361269,5.796277303,1.648061892,2.224069337,5.839737499,26.18039491,1.891622458,19.75023299,0.395120377,1.060626603,2.829679282,10.61382634,7.727749719,1.54239238,7.902035407,0.573288217,2.540606407,4.776686604,3.435167198,34.94521124,26.88267516,41.02268235,1.39426616,1.242664458,4.111549508,5.534683653,20.33795876,1.4463331,3.200689869,5.743210331,17.48887622,2.006919796,33.11725637,1.417020625,7.667434597,18.85869639,5.768208355,2.107726686,30.73404348,64.78765259,2.714214167,2.294131593,2.534415556,9.309347078,3.345304533,0.555789053,10.57107565,65.75825889,9.195344435,2.939860183,2.208010375,5.260171039,2.063544534,14.46021956,12.98578236,2.285842709,50.01668917,42.90729499,4.574120519,0.3564297,1.2521855,7.650229128,5.173788254,6.150768565,7.109101388,2.348876582,57.90888282,15.1175556,1.42286629,5.12950978,0.796814703,5.306321297,6.112330987,0.851758224,1.774391702,5.842498052,0.166468217,0.276926455,0.276926455,14.98383698,6.733605728,4.617337452,0.966630269,1.796243034
E1-OS-4-D,6.188173286,2.133613637,4.426679192,2.392181563,1.875083121,6.883620608,4.952471589,0.815188013,91.99405152,0.189812181,1.131016464,0.902997569,4.482605645,11.71848978,1.4044166,4.890386139,5.296489308,1.47457474,1.967289695,4.386767621,28.22403851,1.756204321,15.73307561,0.264350198,1.120317129,2.652238677,11.70457836,7.161016207,1.280479975,6.303944809,0.531318108,1.9454779,5.054228277,4.303632736,32.70006893,29.90840124,40.76696725,1.277161448,1.244447228,2.585513933,5.842030316,26.24091102,1.470964227,3.841780762,7.402356563,20.17010261,2.057851217,38.15370196,1.376278002,7.019136477,15.78876588,6.002652855,2.534235237,34.32260025,56.23528226,2.970126882,2.140607077,2.897273239,14.06624131,4.766518274,0.52817168,13.33042804,61.41609981,9.917620811,3.489604508,2.163553118,5.171816987,2.031022809,17.28388009,12.39872017,2.547741254,35.38098355,48.69096438,4.523694933,0.355668553,1.301702809,9.434667407,5.891062135,10.2713515,7.140754109,2.490081866,63.33731205,13.46467629,1.524361021,6.114302585,0.85816846,4.966171985,6.91593302,0.699481219,1.692166123,4.119678506,0.166235981,0.237484851,0.237484851,14.39023768,7.483851272,4.07717083,0.893824402,1.739082798
E1-OS-4-E,5.268228794,2.440074786,3.703981937,1.853318148,1.852037028,5.259149322,5.328639101,0.441096652,109.5136911,0.205695945,1.391274198,0.938028446,2.982035671,16.5679196,0.962947524,4.256310264,5.262130102,1.59575018,3.802535112,3.469501403,23.02407764,2.795786719,13.47169063,0.460253227,1.108848395,3.927101219,12.66747835,7.027095935,1.1471698,9.059814346,0.511093607,2.435931438,4.480984481,5.893197696,24.93406827,27.53812624,47.18190692,2.047086768,1.210767006,3.617292432,5.904457193,17.58439473,1.425447502,3.365395461,5.80490354,17.43180665,1.534963719,27.05602891,1.083525153,6.58840651,20.23552862,4.399296637,2.481375523,39.16000037,80.2934015,2.556107153,1.612171342,3.313951503,12.86703588,4.947332998,0.427695252,11.20341663,57.68205904,7.549503067,2.878436358,2.127243726,5.960602789,1.872214554,15.04916803,11.07414429,2.766220664,27.06221945,45.38078949,3.97471877,0.381297201,1.206530381,7.403678472,5.352357499,6.291178342,8.071246257,2.360744475,66.38452042,16.4794407,1.553682705,5.632859926,0.921069717,4.905596057,7.091496382,0.850080339,1.664173403,8.061487826,0.186347506,0.26887379,0.26887379,14.10382142,7.347964972,4.072417254,1.035306539,1.816875147
E1-SW-0-A,7.193509583,2.248210148,3.431936403,2.321211576,1.459538591,5.646316425,4.598931432,0.546544029,88.24839313,0.31251189,1.330669763,1.512616043,5.620245731,11.97578147,1.350881476,4.808675509,5.378926082,2.725087673,2.596437103,3.041600086,28.23169758,2.143328852,11.68500242,0.442182892,1.992077049,3.112582239,11.72593633,7.875363806,2.12751272,10.57691117,1.102082065,2.227860196,4.399275594,3.504867732,22.56003065,24.7590192,45.29203666,1.748750461,1.309146681,1.866270434,5.111047985,18.29624844,1.585280361,3.819157178,6.231502259,16.73805145,2.139942424,29.22386229,1.036231042,10.24554235,15.93613665,4.771686754,2.360488722,35.20161696,53.9746406,2.57233566,2.685389896,8.269679611,11.28904479,4.018918319,0.142945168,10.67843714,108.5390331,7.059412525,3.354627258,1.813419248,6.046776335,3.493753855,13.60406854,10.43472629,2.42974914,37.21735582,44.58593063,2.921252466,0.343955423,1.060489651,7.512822927,4.700283637,6.858620218,6.582431701,2.513881309,54.88126399,15.52490396,1.421892296,5.434676307,0.830980762,7.250282366,6.042880946,0.703294001,2.862956032,5.696151419,0.170135452,0.226970266,0.226970266,18.00136675,7.706649386,6.9805505,0.757322766,2.850017567
E1-SW-0-B,5.90108135,2.017127632,3.794374169,3.070450786,1.28411737,4.325941434,3.847212364,1.044377215,62.42433563,0.317420072,0.786907322,1.508898322,9.078767902,12.69688103,0.539815986,6.481753762,5.71914516,2.98316754,2.213367384,3.498698161,33.08124395,1.951232741,13.87324675,0.071498228,1.848730278,2.859499157,12.40598228,9.399710999,3.280355449,10.16919905,1.269795931,1.380012385,4.049902018,4.507798604,29.43936011,32.76636888,44.93712967,1.354021259,1.075346591,0.897544218,6.208033746,23.96194393,1.457131748,3.773998997,7.407418663,20.74250585,2.839546765,38.68381574,1.310107866,10.30999213,14.8281976,6.248998017,2.101795385,30.64491314,51.81692023,3.694878499,2.529333976,9.436357307,11.65693045,3.651075815,0.084102438,13.37266814,107.2295211,9.675754956,3.998651022,2.154902956,6.207598034,3.794866804,13.99846896,12.76063502,1.742577081,23.9601643,43.17283743,2.490056791,0.445963291,0.702202775,8.537646452,3.588027083,8.51201421,5.885263329,2.415167608,51.23382718,14.57215787,1.159514702,6.300543099,0.575671579,7.169362717,5.144925295,0.185422791,3.079195337,2.220624755,0.151300641,0.095210712,0.142265846,18.45911725,7.030460896,6.878561976,0.562989772,2.85404281
E1-SW-0-C,6.995069233,2.303752711,3.25411262,2.141158186,1.197917619,5.418744618,4.696067508,0.483390828,108.1852904,0.304093376,1.380800404,1.447372326,5.771730518,8.796939929,1.094837203,4.700726525,4.878481948,2.708399238,1.424277972,3.121132225,21.30701729,1.479946985,12.69983624,0.492496796,1.907764244,1.683463299,9.126296438,8.382909557,2.093963055,12.07798575,1.046761651,2.251396869,4.529916142,2.337610327,21.42649241,21.19906446,46.3787881,1.361484429,1.185102638,2.001971826,4.229541319,14.4017399,1.35403076,4.791011247,4.505351349,15.20380386,1.900124952,34.75992366,1.022732033,9.373791231,18.3419032,4.033151916,2.544927693,36.74344052,65.35555386,2.114463266,2.345103449,8.579972308,9.046581484,3.124862251,0.095475954,11.02874152,98.74979032,6.584093752,3.188028089,1.919872096,6.463499673,3.444282457,15.11134304,10.63766419,2.651810706,26.73820538,47.87835653,2.452725348,0.325318595,0.990960087,7.794481641,4.837367567,6.760691523,7.860162127,2.617004111,57.05136555,18.33771141,1.463396469,5.614891001,0.776982137,6.431728768,5.94214189,0.733983882,2.715620289,7.770386586,0.136118705,0.233412537,0.233412537,16.96063404,7.92808651,6.759028775,0.921829541,2.812820528
E1-SW-0-D,8.652286915,2.135726977,3.444787824,2.234019309,1.165159985,5.237528978,5.593745318,0.41141782,89.49349996,0.289646745,1.294073289,1.417364637,8.10370082,4.625279337,1.907587446,6.662278278,4.623879241,2.777895091,0.623704389,4.629024325,16.55198772,0.722448149,16.98224375,0.245306724,2.231410167,0.625792665,6.321635954,9.739026167,2.397249705,11.067544,1.283609861,2.341719419,4.566855312,1.353883779,22.41664702,15.31971456,39.04704716,0.742797373,0.854973836,1.425455794,3.675959042,13.06311654,1.082755206,4.683480177,3.349120767,11.92233128,2.293006921,37.16579354,1.014181018,12.5242533,16.4728081,4.186780262,2.232678405,27.49525935,57.75837253,1.472742139,3.216881687,8.729792392,6.197763854,1.749760654,0.171844494,11.67799602,133.1545799,6.899526476,3.221171144,1.661697461,5.347447732,4.249195559,14.31124314,9.756782591,1.956922491,65.20691374,44.50881557,3.885249054,0.378174122,0.708643477,7.536469875,3.754760363,6.783480008,6.016744401,2.110789175,54.43246686,16.04837942,1.196790188,5.474333256,0.595490084,7.759204889,5.180903412,0.367383285,2.914489553,3.974019058,0.108193355,0.135122885,0.135122885,17.93332222,7.662230171,7.343700825,0.657909942,2.935697916
E1-SW-2-A,7.15529451,2.073740614,4.59854586,2.421374951,1.445423395,5.202783085,5.015302409,0.584207637,85.09899453,0.40978654,1.409197553,1.583206255,3.612356699,11.78023702,1.569397758,4.389661388,4.71140546,2.658096823,2.099325697,3.05577272,27.00105589,2.349578116,11.39731752,0.366584607,1.87602307,2.400293469,10.34243049,7.120231485,1.481219798,10.07076945,1.019787278,2.641743194,5.859154049,2.609252912,23.81135126,22.004768,43.7155349,1.617478999,1.357102599,1.933525057,4.668535631,16.20907494,1.554980735,2.801063385,4.739831441,15.19503862,2.67865955,23.18011056,0.989432323,12.06867133,19.34702016,4.796682877,2.169420598,32.58386383,70.02317317,2.157454227,3.187535302,7.753628227,11.02938471,3.786791642,0.471537704,11.23692248,109.1024971,7.640190004,3.369594102,1.80982983,5.925773685,3.449317239,12.55272549,10.23583363,2.37011329,43.46860029,44.24847589,3.698276118,0.334014947,0.93106447,6.453452442,4.191654246,5.550699701,6.23009528,2.281706446,54.44484639,16.64374717,1.231269745,4.802351449,0.921152839,8.214480695,5.693999324,0.853294402,3.198788014,5.300798769,0.242552155,0.192737462,0.192737462,19.65977533,7.3102787,8.727489912,0.798329457,3.24933006
E1-SW-2-B,8.881659866,2.023188162,4.339861588,1.906069414,1.201779913,6.048860621,5.364524358,0.611376191,102.5890376,0.344789147,1.600394933,1.466680053,3.33294407,9.868397477,2.180938076,4.1993705,4.536701727,2.492872601,1.700682428,3.193952775,17.54213182,1.481473149,12.11570503,0.450896139,1.971608255,1.610721527,7.645975186,7.41169552,1.264559712,9.333231516,1.000506401,3.019250422,6.827001346,2.442200868,20.22163621,21.9747368,42.45449267,1.478906128,1.102584485,2.298289128,4.776621322,14.84576216,1.295736052,3.251939132,4.308816002,15.95749536,1.942667912,23.79064726,0.990936904,10.53338902,17.8827954,4.453746645,2.446022587,35.11094144,64.58303415,2.041095095,2.47032368,6.664640687,9.255998273,3.146817504,0.309165596,9.312081477,109.8006538,7.250002461,2.950020693,1.787271695,5.701614658,3.213028463,13.03765179,9.965995482,2.399839213,64.32292845,42.54629826,4.119076842,0.353557806,1.0624438,6.214736765,4.848444621,5.298028484,6.287654273,2.279461164,51.45258239,16.75092569,1.399493623,4.30945544,0.944871051,8.062342684,5.809884276,0.886770322,2.944465346,6.071856868,0.209920407,0.220996874,0.220996874,18.28690911,7.078654006,7.221067746,0.830296942,2.957444172
E1-SW-2-C,5.477106007,2.229384504,3.625916393,2.058808251,1.166114366,4.924559252,4.561772455,0.887850439,91.69944569,0.321810007,1.186015895,1.463308489,4.256620278,12.66708804,0.782456863,3.892830988,4.728682661,2.496164125,3.043776578,2.694949339,25.80887043,2.504752808,10.95511584,0.367645577,1.690032951,3.375295339,11.21765962,7.691570557,1.496213329,10.33542471,0.814162704,2.078334816,5.600233445,5.140968028,20.23318598,27.84351444,43.33993652,1.801876933,1.217886438,1.912067066,5.436114843,17.47100349,1.423590758,3.69636767,5.994471422,18.42123441,2.20807663,30.5419689,0.958630519,8.69571862,18.29056085,5.013828803,2.321564102,35.38150654,69.46480213,2.869695576,2.234002571,7.294112118,11.50824671,4.056855967,0.194981817,11.49719056,87.32842768,7.637169617,3.465316731,1.884130993,5.98763119,2.897348314,14.64032188,10.83989078,2.352034321,26.63111171,48.11593493,2.725775547,0.363561744,1.018803764,7.832656277,4.688599833,6.6584287,7.503342329,2.6708069,58.72982083,18.06792778,1.482890727,5.970274165,0.842021598,8.106769336,6.839309761,0.756048593,3.226149884,6.044296378,0.242982881,0.227851187,0.227851187,20.4907267,7.556538916,7.507808351,0.906341254,2.969164081
E1-SW-2-D,7.022342827,2.413466509,2.854664977,2.361539504,1.38364447,5.788282286,4.904649142,0.435633496,80.7398172,0.303289679,1.320694788,1.368818943,6.925914733,8.49283419,1.664863639,5.230642473,5.108933731,2.351884639,1.615516797,3.294760207,26.78475857,2.138300284,13.38801404,0.367463039,1.705806847,2.196598003,11.99245566,6.548588783,1.388309096,9.701326079,0.90245071,2.10369308,7.939442698,2.318877931,22.54483527,20.24476007,37.71609548,1.212925882,1.340883197,1.941435276,4.109072442,18.54061406,1.607527164,4.387512707,6.002882854,14.20591279,2.370554504,31.84636121,1.051790732,10.11967052,15.89471693,4.422241065,2.317336945,31.27106215,55.33926316,2.201009279,2.414487124,6.937427239,9.98573346,3.592687692,0.280496855,11.58630719,108.9783519,6.73123768,3.283296713,1.816876896,5.117210387,3.514521567,15.23386284,10.41251339,2.255711077,61.485062,45.38992822,3.718342456,0.35939451,1.072909961,8.609335992,5.397032377,8.458870992,6.899619195,2.585959423,55.20995929,14.46081386,1.424513539,5.758415176,0.778093312,7.825015318,6.719436558,0.535740797,2.906198922,4.399018055,0.181880569,0.247529121,0.247529121,18.29102229,8.239773159,7.178303059,0.817205784,2.915632235
E1-SW-2-E,8.015813494,1.948501406,3.59574878,2.807158338,1.244083951,4.908278639,5.294140732,0.876741262,87.09580006,0.237745687,1.187053698,1.322883035,6.489219038,9.14148486,1.665645907,7.079947096,5.213160552,2.464787951,0.939986028,4.726126383,21.11556184,1.328161568,19.41934791,0.249502726,1.859868482,1.029663447,7.056339965,8.912666002,2.083632503,9.168353762,1.010639537,2.141862483,7.496379526,1.562714565,26.11392167,19.10505881,38.02636521,0.55062727,0.923370628,1.787498411,4.393474387,14.66408977,1.132877416,3.81126227,3.763430428,14.14576437,2.701432672,35.09000244,1.150237149,11.32793749,17.43815825,4.591294388,2.168455918,26.71732836,59.32018579,1.986673761,2.729432192,7.447921245,6.340432854,1.893368185,0.212471005,11.10323019,115.8650535,8.478003554,2.997858792,1.954959053,5.529542935,3.712312851,13.99324471,12.42841278,2.081799933,60.82791513,43.92954067,3.625639907,0.338281062,0.830806106,7.513047101,3.887798082,6.3292331,6.142464652,2.214398209,52.33912443,15.43794404,1.244239677,5.609298946,0.660033362,8.862393863,5.281736597,0.480636458,3.285770905,4.241591597,0.195775905,0.138685696,0.138685696,20.25188444,6.872857098,7.343472972,0.736663523,2.873588966
E1-SW-3-A,6.310580945,2.240481581,3.75890885,2.730616888,1.370525412,4.919151202,5.336510488,1.003605696,80.11819296,0.16698552,1.165490571,1.423019264,7.131747093,10.58639886,0.887621517,5.492968076,5.917641433,2.415495387,2.440863162,3.96858275,31.44791087,2.583252426,14.57064183,0.232907425,1.668023177,3.221482108,13.12749499,7.312610967,1.738192459,0.062326477,0.780764774,1.777390791,5.942603146,3.734989504,25.89649739,25.30923487,35.77865216,1.293682572,1.284947479,2.242511278,4.506147352,24.47853989,1.672979377,4.572810263,7.640165723,17.09122274,2.758308328,38.23354823,1.345495725,9.070620114,15.79077292,6.16092416,2.425640359,31.69640678,53.68857953,3.136702239,2.718708454,6.088417515,10.33939122,3.627024271,0.272364049,11.83383217,85.79625102,8.536597486,3.784542472,2.036101591,5.349955761,2.561547747,18.1071571,12.13756201,2.457803096,30.47251716,50.35352409,3.961988722,0.395027906,1.189241336,10.89556191,6.337919379,9.560422632,8.449412036,3.165343449,59.81143897,17.1048808,1.766081421,7.365162933,0.748214995,7.337765525,7.030905664,0.405163866,2.827788928,3.177667909,0.229466972,0.257532006,0.273788063,18.86997203,7.998064394,6.998547293,0.941877992,2.767097592
E1-SW-3-B,12.21113898,1.332499708,3.329971347,2.078119403,1.27978723,9.179394798,3.736022153,0.421605732,125.32671,0.242667916,1.40627779,1.253230412,4.122641601,13.05001311,3.525500244,2.803154818,4.527057849,2.154533559,2.904276476,1.832886345,23.1496491,2.024483393,7.654844696,0.83931981,1.908425889,2.982503934,12.10937437,5.456441339,1.06601451,9.169787063,0.877538099,2.319753344,5.361206742,2.899767886,17.97366857,19.86436485,39.11527807,1.984860831,1.576901992,1.96398492,5.171359886,12.70023612,1.733144209,2.641293822,5.490073915,13.51310715,1.771391107,19.47050219,0.879674777,9.949649168,16.83130126,3.304405288,1.956791157,31.05834249,62.97525995,2.137238402,2.458341901,5.940614617,9.31231068,4.023092879,0.393061982,8.450918863,96.00485135,6.283360981,2.662291814,1.893529329,5.235222973,2.759612545,13.60940435,10.51010365,2.975814873,48.912034,46.87581583,4.874716684,0.365951923,1.597999792,6.291280952,6.895415878,5.032516579,7.227242439,2.709439313,55.32564993,17.44647639,1.861580017,4.18191788,1.121928748,8.081211724,7.340224188,1.48431113,2.930744738,7.377087533,0.273667555,0.419666336,0.419666336,20.12477922,7.726748458,7.818920173,1.074225746,3.096817915
E1-SW-3-C,7.374978681,2.260646065,3.560083834,3.24282777,1.167644332,4.562217175,4.827276785,0.865872395,83.3078695,0.71577233,1.149562717,1.228329931,5.831648753,7.122603658,1.538525976,5.100627625,4.651413618,2.217729923,1.137835757,4.060247764,21.46116786,1.104293042,17.1715021,0.279942567,1.694544398,1.307298829,8.128941556,7.977881791,1.499512189,9.063891979,0.897971715,1.895447142,4.529278206,2.208914205,22.90231178,20.60144964,39.90432574,1.06621796,1.169054586,1.62536622,4.396833169,17.62897922,1.388244742,4.703687279,4.794814351,14.69833846,2.69840732,34.92125752,1.14936038,9.858260582,19.85890301,5.345980358,2.355746858,30.26605511,70.57202303,2.489378839,2.337991558,7.088113566,9.182566611,2.8453079,0.312962936,12.9939511,93.55766437,9.25135397,3.718991379,1.92569021,5.407722658,2.755603612,17.79801363,11.46732298,2.37969886,37.45673091,46.77242314,4.290387519,0.443034501,0.933531144,9.661266296,4.379677313,7.717633421,9.058501669,2.84275041,63.06017596,17.96672211,1.444764917,7.17865564,0.853428089,7.875492292,6.207522324,0.682467373,3.037450238,4.902637152,0.259504473,0.183778541,0.183778541,20.17172388,7.968463547,7.842627223,1.055051011,3.007566699
E1-SW-3-D,5.309311318,2.711512562,3.476446349,2.600509259,1.15290175,7.622055192,4.71803628,0.85624831,78.10326761,0.245406802,1.231704372,1.297476127,7.566346664,9.258718068,0.941652964,4.419772129,4.554549558,2.321524658,1.751215846,3.228299657,26.58547849,2.051464316,12.52909992,0.279465358,1.637643714,2.174291255,10.91189925,7.016922828,1.61725376,8.338264249,0.8578633,2.053185793,4.35198808,3.389348197,22.36125782,22.47405058,36.97772103,1.15235054,1.290448024,1.99896438,4.28221903,18.79752425,1.559121274,8.058275896,6.041861843,14.85738394,2.795000392,40.19357354,1.103562608,8.487117803,18.96264041,5.381244429,2.140642752,31.42083684,62.84450381,2.934590954,1.970730991,6.631783055,13.71550092,4.769435582,0.227809976,12.80444862,83.83445126,8.041401188,4.000795817,1.531408938,6.989887854,2.601224533,16.20779021,9.278330006,2.076669113,24.5250301,51.36447902,4.205111106,0.3572161,1.358890967,9.132532949,5.472138938,8.670404598,7.559513274,3.010861623,62.03621719,18.68885397,1.967224054,6.812665767,0.952398512,9.133844332,7.367809662,0.517910896,3.597841807,3.38147964,0.293456162,0.244663701,0.244663701,25.97267674,8.482113208,10.96152605,1.005688723,4.725103043
E1-SW-3-E,8.21225785,2.607202138,2.981145449,1.738311337,0.315073302,18.26316219,4.421239312,0.549335746,107.4998522,0.133117122,1.568930165,0.93129447,8.502626148,8.086228425,1.889662013,3.490746328,3.722298469,1.846511393,1.492990744,2.131967752,16.62801177,1.627060656,8.681066253,1.068977497,1.439029554,1.530836004,7.681693307,5.366099149,0.932646725,9.920315671,0.804299696,2.529237547,6.417829759,1.889521722,14.07986123,13.58946641,32.00634131,1.243615192,1.20433643,2.336516983,3.467591679,10.0570259,1.259356558,5.984357698,3.676251334,9.352718007,1.467507525,24.61099712,0.724401195,9.005917875,20.37772642,2.648084392,1.602189422,30.72949329,70.81606354,1.543725,2.037394951,6.944532437,11.22949861,4.248170259,0.26333643,9.463082434,89.78613347,5.296877094,2.79994774,1.001989564,6.966955172,2.677374196,15.29120902,5.979333416,1.773882086,44.87558168,53.39213619,4.0532821,0.302735964,2.886292252,6.369111239,9.989317916,6.779286675,9.111349252,2.582963167,59.61037414,22.8463466,2.981404149,5.321598162,1.29944064,9.360978825,15.88748212,3.050366212,3.637873399,4.304069932,0.195206492,0.819622448,0.819622448,26.7900369,8.610733932,12.94095631,1.24921736,5.488774289
E1-SW-4-A,7.087058903,2.41661653,3.814670476,2.286085825,1.313437413,9.125890733,4.972338268,0.755472975,102.2175582,0.15665382,1.493193821,1.099196665,4.386889803,9.701615957,1.626705749,3.44541705,4.528220526,1.920174567,1.737855837,3.005671442,23.79428772,1.969286572,11.19964769,0.468583485,1.430813627,2.013877021,10.21843646,6.433027336,1.357842584,7.395208292,0.816601793,2.506025765,4.808984218,2.398128581,21.12424585,18.84913097,39.36457169,1.35743402,1.359517844,2.545752638,4.38385336,14.64683183,1.501847553,6.636845388,4.672000137,12.55036082,2.447356954,29.65051486,0.922301119,9.522495909,17.22064118,3.992716759,2.146896706,32.1518249,59.79766401,2.004450547,2.133400756,5.678656864,9.939965711,3.583525404,0.502915413,10.23528748,91.89262334,7.009785968,3.193881089,1.460043519,6.455428479,2.808208798,13.99379423,8.728112703,2.467125896,45.82299426,51.62113773,5.683653017,0.601065768,1.372875144,7.216140961,5.455912088,6.548045308,7.094990952,2.643607866,59.02572588,19.98875516,1.824418324,5.568450391,1.016023406,8.600699633,6.617506488,0.828250246,3.305895703,5.314608427,0.283955493,0.273832254,0.273832254,25.38464739,8.218187353,10.66734471,1.084144392,4.829813005
E1-SW-4-B,5.622337926,2.649981268,4.021432462,2.784058138,1.395519343,8.345538028,5.544048229,0.919587292,83.5976353,0.112471005,1.454540221,1.244773277,5.628446153,10.68775062,1.443998091,4.178238806,4.843194394,2.145580993,1.89610214,3.641007675,27.78664098,1.677528035,12.5214841,0.312812275,1.475200285,2.407882362,10.92007804,6.744886313,1.596909368,6.690520933,0.870015267,2.479630438,3.758940663,3.148296701,24.55547409,23.34466359,39.21311247,1.32217716,1.353960944,2.293157276,4.431233029,19.80780104,1.530729886,6.929972215,5.91167997,14.30495436,3.036535118,35.03854434,1.077619079,9.527621981,16.47573098,5.065538972,2.18111775,32.10483941,54.4635357,2.417704632,2.310792367,5.978734541,11.56633022,4.039324459,0.51051284,11.14101171,90.22100243,8.164604054,3.515661005,1.570714142,6.041377809,2.675062095,14.51322871,9.346057949,2.177707894,36.31441983,50.0733329,6.403331837,0.566014152,1.303290846,8.27228865,5.329047537,7.452793649,6.755077066,2.830180216,58.12606197,18.52487177,1.874282328,6.087298189,0.939953201,8.748630216,6.217790207,0.51504734,3.424410371,3.583417708,0.273360325,0.228398446,0.228398446,26.11964187,8.201636653,10.9854501,0.971725352,4.942955477
E1-SW-4-C,5.695841562,2.64050344,3.779761033,2.663505566,1.457435309,8.921232741,5.113137627,0.87835608,82.52681752,0.112389526,1.297129923,1.310363593,7.029275051,10.26474536,1.103544539,4.385212492,5.242737302,2.199006154,2.087799839,3.616693571,30.42602216,2.066724091,12.48068158,0.301970738,1.522777615,2.59291442,12.48373601,6.509495339,1.641655565,7.186605971,0.774712448,2.159247431,3.643807323,3.326994958,23.824643,23.24253149,37.8528376,1.190749848,1.406736289,2.24027648,4.706870997,20.89985659,1.635060472,8.754739998,6.59447414,14.0783411,2.911445544,41.91484826,1.123970138,8.561496246,16.51351996,5.05720351,2.328465055,31.55894718,50.64949629,2.689507716,1.956944125,6.155527389,11.78583343,4.203776716,0.505548146,11.90956971,83.62592863,7.773286526,3.616285569,1.717480577,5.747527223,2.534174513,14.53049222,10.29924164,2.177812,25.3837497,48.23503409,5.51566041,0.60790145,1.219324745,9.163091486,5.481589046,8.316802962,6.84567157,2.889432661,58.23914374,17.55305446,1.869924672,7.010100167,0.901900319,8.580048787,6.975277582,0.502615441,3.475239604,3.666108054,0.267737492,0.240780754,0.240780754,28.86474695,9.246498582,15.04476224,1.017803375,4.926938729
E1-SW-4-D,10.45749225,2.290482006,4.637387173,1.515211457,1.043250512,32.22613934,2.929886121,0.390917563,117.9928789,0.131527658,1.263146107,1.05601988,3.362195019,11.53676964,0.793879243,1.623430561,3.051837456,1.921617103,2.286444143,1.335165947,14.15533303,1.248313894,6.067990796,0.998370827,1.978004827,1.92197852,7.167415391,4.432655956,1.038275862,6.785880822,0.902257961,1.9761393,4.578361817,3.45339356,14.50751483,18.39122224,44.68211963,1.839623452,1.407169431,2.209574374,4.591018629,7.932391786,1.657594314,2.435659543,3.404891423,11.52388286,1.141528063,12.25928266,0.591348741,11.39453318,17.38440287,2.091968893,1.59910997,28.24312877,66.77933856,1.524585789,2.781034879,6.654003856,11.06106091,4.437540062,0.827418704,7.637867461,109.5307338,6.163135442,2.451129562,1.571945801,6.274708491,3.295889289,12.34389593,8.672235923,2.553443499,37.01537052,47.49056793,7.126890241,0.968324406,1.594963012,4.694120758,7.36788213,4.09739366,7.261307915,2.330599995,56.75913269,19.69683844,2.854011885,3.721546097,2.214416434,9.859405114,12.70331139,7.295386584,3.701965187,6.071199027,0.242461408,1.141956494,1.141956494,26.18410276,8.27430215,10.89162221,1.334000351,3.56698049
E1-SW-4-E,8.278462458,1.889281849,4.340891923,2.453852965,1.302955206,9.003225399,4.012631732,0.509965413,110.66258,0.146676492,1.480993931,1.161930369,2.537261257,14.65882364,2.085019108,2.581551089,4.573749817,1.857676004,2.958534889,2.038865691,24.60091681,2.011845878,8.660622654,0.776570413,1.386916779,2.93739477,11.31276496,5.331905821,1.015023516,6.873417044,0.780665108,2.454126662,4.336652276,4.433963841,19.21830664,24.91259614,41.12072981,1.977141139,1.576388439,2.275101339,5.580656698,14.516482,1.629849289,4.827390521,5.594571523,14.63369291,1.896638719,23.92161999,0.925658513,8.671715465,17.16835421,3.542762245,2.209230422,33.48871249,65.43971765,2.222050206,1.981962134,5.974906794,11.28484595,4.410401496,0.539443726,9.474602973,84.14779166,7.102763106,2.860579037,1.812894191,6.338707073,2.62529571,13.48331444,10.02897034,3.065859723,41.20210536,47.88551379,5.545919848,0.52465783,1.463101017,6.653234806,6.018948184,6.370588343,7.231996624,2.784079508,56.40739744,20.45042741,1.917868117,4.924667322,1.122431365,7.654257415,6.978265464,1.5357492,3.070567041,7.58063265,1.657164955,0.333777368,0.333777368,20.55841627,8.104837848,8.866482697,1.224401869,3.669312367